HitId	WorkerId	AssignmentId	DocumentUri	Offset	Value	Label
32204AGAABQ6VAMMSX6OMLRWTVFHGS	A1Y10YJ5ZSMALG	3PEIJLRY6U7206AV28XT0UWYRJNWX7	http://dig.isi.edu/ht/data/page/675F24232C248E491A843A3A5F38C86A7A4A1507/1400292692000/processed	27	Brooke Taylor	Person name
32204AGAABQ6VAMMSX6OMLRWTVFHGS	A1Y10YJ5ZSMALG	3PEIJLRY6U7206AV28XT0UWYRJNWX7	http://dig.isi.edu/ht/data/page/675F24232C248E491A843A3A5F38C86A7A4A1507/1400292692000/processed	95	Ebony	Ethnicity/Origin
32204AGAABQ6VAMMSX6OMLRWTVFHGS	A1Y10YJ5ZSMALG	3PEIJLRY6U7206AV28XT0UWYRJNWX7	http://dig.isi.edu/ht/data/page/ECFCF642E74FB135DBAC0A4BD55C27AC2B52E8E1/1414434083000/processed	33	adultsearch	Company name
32204AGAABQ6VAMMSX6OMLRWTVFHGS	A1Y10YJ5ZSMALG	3PEIJLRY6U7206AV28XT0UWYRJNWX7	http://dig.isi.edu/ht/data/page/73B97A915EF7B3AE4D4ECDF0D8334DCA2F31EA34/1397682462000/processed	28	Rochelle	Person name
32204AGAABQ6VAMMSX6OMLRWTVFHGS	A1Y10YJ5ZSMALG	3PEIJLRY6U7206AV28XT0UWYRJNWX7	http://dig.isi.edu/ht/data/page/887DAB45CB49498AA338DBEB886635D432E33C1A/1426556982000/processed	8	California Sundaes	Company name
32204AGAABQ6VAMMSX6OMLRWTVFHGS	A1Y10YJ5ZSMALG	3PEIJLRY6U7206AV28XT0UWYRJNWX7	http://dig.isi.edu/ht/data/page/77BC203FA227455038CB07ECCC97050C39B4A009/1401471084000/processed	62	Maliyah	Person name
32204AGAABQ6VAMMSX6OMLRWTVFHGS	A1Y10YJ5ZSMALG	3PEIJLRY6U7206AV28XT0UWYRJNWX7	http://dig.isi.edu/ht/data/page/C38B24E1A9187A75E4ECC7D20418C753B76668BF/1402358717000/processed	46	china	Person name
32204AGAABQ6VAMMSX6OMLRWTVFHGS	A1Y10YJ5ZSMALG	3PEIJLRY6U7206AV28XT0UWYRJNWX7	http://dig.isi.edu/ht/data/page/4089FA720C2CC9E93BB1AD6CD07F06BFEA7CAB47/1400752772000/processed	32	skittlez	Person name
32204AGAABQ6VAMMSX6OMLRWTVFHGS	A1Y10YJ5ZSMALG	3PEIJLRY6U7206AV28XT0UWYRJNWX7	http://dig.isi.edu/ht/data/page/6BAA80CD28A37C8AE0CD2ABF4B53AA92DC581945/1399597489000/processed	236	karma	Person name
32204AGAABQ6VAMMSX6OMLRWTVFHGS	A1Y10YJ5ZSMALG	3PEIJLRY6U7206AV28XT0UWYRJNWX7	http://dig.isi.edu/ht/data/page/0A60536A8448043ECE55E1D4BF72FD481F647E6C/1415426781000/processed	342	Micaela	Person name
32204AGAABQ6VAMMSX6OMLRWTVFHGS	A1Y10YJ5ZSMALG	3PEIJLRY6U7206AV28XT0UWYRJNWX7	http://dig.isi.edu/ht/data/page/F1CECDA5940F6CB8AD393FC26F49B78C5C8AE8DE/1416101705000/processed	66	LATINA	Ethnicity/Origin
32204AGAABQ6VAMMSX6OMLRWTVFHGS	A1Y10YJ5ZSMALG	3PEIJLRY6U7206AV28XT0UWYRJNWX7	emptyanswer
32204AGAABQ6VAMMSX6OMLRWTVFHGS	A6LILYEG29KD0	3ZGVPD4G6UVZDK6G8LG3AV5AVP3ZTH	http://dig.isi.edu/ht/data/page/675F24232C248E491A843A3A5F38C86A7A4A1507/1400292692000/processed	27	Brooke Taylor	Person name
32204AGAABQ6VAMMSX6OMLRWTVFHGS	A6LILYEG29KD0	3ZGVPD4G6UVZDK6G8LG3AV5AVP3ZTH	http://dig.isi.edu/ht/data/page/675F24232C248E491A843A3A5F38C86A7A4A1507/1400292692000/processed	433	 Brooke Taylor	Person name
32204AGAABQ6VAMMSX6OMLRWTVFHGS	A6LILYEG29KD0	3ZGVPD4G6UVZDK6G8LG3AV5AVP3ZTH	http://dig.isi.edu/ht/data/page/ECFCF642E74FB135DBAC0A4BD55C27AC2B52E8E1/1414434083000/processed	0	no annotations
32204AGAABQ6VAMMSX6OMLRWTVFHGS	A6LILYEG29KD0	3ZGVPD4G6UVZDK6G8LG3AV5AVP3ZTH	http://dig.isi.edu/ht/data/page/73B97A915EF7B3AE4D4ECDF0D8334DCA2F31EA34/1397682462000/processed	28	Rochelle	Person name
32204AGAABQ6VAMMSX6OMLRWTVFHGS	A6LILYEG29KD0	3ZGVPD4G6UVZDK6G8LG3AV5AVP3ZTH	http://dig.isi.edu/ht/data/page/887DAB45CB49498AA338DBEB886635D432E33C1A/1426556982000/processed	8	California Sundaes	Person name
32204AGAABQ6VAMMSX6OMLRWTVFHGS	A6LILYEG29KD0	3ZGVPD4G6UVZDK6G8LG3AV5AVP3ZTH	http://dig.isi.edu/ht/data/page/77BC203FA227455038CB07ECCC97050C39B4A009/1401471084000/processed	62	Maliyah	Person name
32204AGAABQ6VAMMSX6OMLRWTVFHGS	A6LILYEG29KD0	3ZGVPD4G6UVZDK6G8LG3AV5AVP3ZTH	http://dig.isi.edu/ht/data/page/C38B24E1A9187A75E4ECC7D20418C753B76668BF/1402358717000/processed	46	china	Person name
32204AGAABQ6VAMMSX6OMLRWTVFHGS	A6LILYEG29KD0	3ZGVPD4G6UVZDK6G8LG3AV5AVP3ZTH	http://dig.isi.edu/ht/data/page/4089FA720C2CC9E93BB1AD6CD07F06BFEA7CAB47/1400752772000/processed	32	skittlez	Person name
32204AGAABQ6VAMMSX6OMLRWTVFHGS	A6LILYEG29KD0	3ZGVPD4G6UVZDK6G8LG3AV5AVP3ZTH	http://dig.isi.edu/ht/data/page/6BAA80CD28A37C8AE0CD2ABF4B53AA92DC581945/1399597489000/processed	236	karma	Person name
32204AGAABQ6VAMMSX6OMLRWTVFHGS	A6LILYEG29KD0	3ZGVPD4G6UVZDK6G8LG3AV5AVP3ZTH	http://dig.isi.edu/ht/data/page/0A60536A8448043ECE55E1D4BF72FD481F647E6C/1415426781000/processed	342	Micaela	Person name
32204AGAABQ6VAMMSX6OMLRWTVFHGS	A6LILYEG29KD0	3ZGVPD4G6UVZDK6G8LG3AV5AVP3ZTH	http://dig.isi.edu/ht/data/page/F1CECDA5940F6CB8AD393FC26F49B78C5C8AE8DE/1416101705000/processed	66	LATINA	Ethnicity/Origin
32204AGAABQ6VAMMSX6OMLRWTVFHGS	A6LILYEG29KD0	3ZGVPD4G6UVZDK6G8LG3AV5AVP3ZTH	http://dig.isi.edu/ht/data/page/F1CECDA5940F6CB8AD393FC26F49B78C5C8AE8DE/1416101705000/processed	158	LATINA	Ethnicity/Origin
32204AGAABQ6VAMMSX6OMLRWTVFHGS	A6LILYEG29KD0	3ZGVPD4G6UVZDK6G8LG3AV5AVP3ZTH	emptyanswer
32204AGAABQ6VAMMSX6OMLRWTVFHGS	AAE63MGOKSCY2	3SKRO2GZ7253F5VL61TJHAY2ZX4K1C	http://dig.isi.edu/ht/data/page/675F24232C248E491A843A3A5F38C86A7A4A1507/1400292692000/processed	26	 Brooke Taylor	Person name
32204AGAABQ6VAMMSX6OMLRWTVFHGS	AAE63MGOKSCY2	3SKRO2GZ7253F5VL61TJHAY2ZX4K1C	http://dig.isi.edu/ht/data/page/675F24232C248E491A843A3A5F38C86A7A4A1507/1400292692000/processed	95	Ebony	Ethnicity/Origin
32204AGAABQ6VAMMSX6OMLRWTVFHGS	AAE63MGOKSCY2	3SKRO2GZ7253F5VL61TJHAY2ZX4K1C	http://dig.isi.edu/ht/data/page/ECFCF642E74FB135DBAC0A4BD55C27AC2B52E8E1/1414434083000/processed	0	no annotations
32204AGAABQ6VAMMSX6OMLRWTVFHGS	AAE63MGOKSCY2	3SKRO2GZ7253F5VL61TJHAY2ZX4K1C	http://dig.isi.edu/ht/data/page/73B97A915EF7B3AE4D4ECDF0D8334DCA2F31EA34/1397682462000/processed	28	Rochelle	Person name
32204AGAABQ6VAMMSX6OMLRWTVFHGS	AAE63MGOKSCY2	3SKRO2GZ7253F5VL61TJHAY2ZX4K1C	http://dig.isi.edu/ht/data/page/73B97A915EF7B3AE4D4ECDF0D8334DCA2F31EA34/1397682462000/processed	59	SOUTHERN BELL 	Ethnicity/Origin
32204AGAABQ6VAMMSX6OMLRWTVFHGS	AAE63MGOKSCY2	3SKRO2GZ7253F5VL61TJHAY2ZX4K1C	http://dig.isi.edu/ht/data/page/887DAB45CB49498AA338DBEB886635D432E33C1A/1426556982000/processed	8	California Sundaes	Person name
32204AGAABQ6VAMMSX6OMLRWTVFHGS	AAE63MGOKSCY2	3SKRO2GZ7253F5VL61TJHAY2ZX4K1C	http://dig.isi.edu/ht/data/page/77BC203FA227455038CB07ECCC97050C39B4A009/1401471084000/processed	62	Maliyah	Person name
32204AGAABQ6VAMMSX6OMLRWTVFHGS	AAE63MGOKSCY2	3SKRO2GZ7253F5VL61TJHAY2ZX4K1C	http://dig.isi.edu/ht/data/page/C38B24E1A9187A75E4ECC7D20418C753B76668BF/1402358717000/processed	46	china	Person name
32204AGAABQ6VAMMSX6OMLRWTVFHGS	AAE63MGOKSCY2	3SKRO2GZ7253F5VL61TJHAY2ZX4K1C	http://dig.isi.edu/ht/data/page/4089FA720C2CC9E93BB1AD6CD07F06BFEA7CAB47/1400752772000/processed	32	skittlez	Person name
32204AGAABQ6VAMMSX6OMLRWTVFHGS	AAE63MGOKSCY2	3SKRO2GZ7253F5VL61TJHAY2ZX4K1C	http://dig.isi.edu/ht/data/page/6BAA80CD28A37C8AE0CD2ABF4B53AA92DC581945/1399597489000/processed	236	karma	Person name
32204AGAABQ6VAMMSX6OMLRWTVFHGS	AAE63MGOKSCY2	3SKRO2GZ7253F5VL61TJHAY2ZX4K1C	http://dig.isi.edu/ht/data/page/0A60536A8448043ECE55E1D4BF72FD481F647E6C/1415426781000/processed	342	Micaela	Person name
32204AGAABQ6VAMMSX6OMLRWTVFHGS	AAE63MGOKSCY2	3SKRO2GZ7253F5VL61TJHAY2ZX4K1C	http://dig.isi.edu/ht/data/page/F1CECDA5940F6CB8AD393FC26F49B78C5C8AE8DE/1416101705000/processed	158	LATINA	Ethnicity/Origin
32204AGAABQ6VAMMSX6OMLRWTVFHGS	AAE63MGOKSCY2	3SKRO2GZ7253F5VL61TJHAY2ZX4K1C	emptyanswer
3P7RGTLO6ERWN9ARCIHB3RWLNH6KAN	A1OIXGF4N7O93T	33L7PJKHCHCKTO5TZVGQXB86WGWT86	http://dig.isi.edu/ht/data/page/746883F1F6C7501E998D3DBA9B81A8598ACA43F5/1410532670000/processed	26	Red 	Hair type
3P7RGTLO6ERWN9ARCIHB3RWLNH6KAN	A1OIXGF4N7O93T	33L7PJKHCHCKTO5TZVGQXB86WGWT86	http://dig.isi.edu/ht/data/page/15BF3A2CB6F58DC0701129E5353E09EF7C582D16/1413481842000/processed	37	 LATIN 	Ethnicity/Origin
3P7RGTLO6ERWN9ARCIHB3RWLNH6KAN	A1OIXGF4N7O93T	33L7PJKHCHCKTO5TZVGQXB86WGWT86	http://dig.isi.edu/ht/data/page/FFD49020FDBA549286F42B752054896F8B4F5AD9/1416416161000/processed	29	 LEXI 	Person name
3P7RGTLO6ERWN9ARCIHB3RWLNH6KAN	A1OIXGF4N7O93T	33L7PJKHCHCKTO5TZVGQXB86WGWT86	http://dig.isi.edu/ht/data/page/3BB29E84DCFD7BE27C9BDEB5541C36BA99D61049/1405676166000/processed	0	no annotations
3P7RGTLO6ERWN9ARCIHB3RWLNH6KAN	A1OIXGF4N7O93T	33L7PJKHCHCKTO5TZVGQXB86WGWT86	http://dig.isi.edu/ht/data/page/3672811DC6873C0B14591951FA7CC948EE0829EE/1417996120000/processed	16	Valentina 	Person name
3P7RGTLO6ERWN9ARCIHB3RWLNH6KAN	A1OIXGF4N7O93T	33L7PJKHCHCKTO5TZVGQXB86WGWT86	http://dig.isi.edu/ht/data/page/A379F51B946CD8C3F5F2A45CEA90A3581AB8417B/1400654679000/processed	0	no annotations
3P7RGTLO6ERWN9ARCIHB3RWLNH6KAN	A1OIXGF4N7O93T	33L7PJKHCHCKTO5TZVGQXB86WGWT86	http://dig.isi.edu/ht/data/page/CC07D9725BEF07E83D49950462DDD06432D6E1EF/1407816214000/processed	0	no annotations
3P7RGTLO6ERWN9ARCIHB3RWLNH6KAN	A1OIXGF4N7O93T	33L7PJKHCHCKTO5TZVGQXB86WGWT86	http://dig.isi.edu/ht/data/page/9DE2E3A52DDF947FB50F20DBD5FEFB3A2814E58D/1405788867000/processed	0	no annotations
3P7RGTLO6ERWN9ARCIHB3RWLNH6KAN	A1OIXGF4N7O93T	33L7PJKHCHCKTO5TZVGQXB86WGWT86	http://dig.isi.edu/ht/data/page/D5EA28B48B19F26013B21574D6A7575F23C9548B/1425727195000/processed	0	no annotations
3P7RGTLO6ERWN9ARCIHB3RWLNH6KAN	A1OIXGF4N7O93T	33L7PJKHCHCKTO5TZVGQXB86WGWT86	http://dig.isi.edu/ht/data/page/32E51093F60FF321D2F24B6725DE9CC435E2ACDA/1400708974000/processed	0	no annotations
3P7RGTLO6ERWN9ARCIHB3RWLNH6KAN	A1OIXGF4N7O93T	33L7PJKHCHCKTO5TZVGQXB86WGWT86	emptyanswer
3P7RGTLO6ERWN9ARCIHB3RWLNH6KAN	A6LILYEG29KD0	33ISQZVXPQ05JATVUL15AN4LYLICCD	http://dig.isi.edu/ht/data/page/746883F1F6C7501E998D3DBA9B81A8598ACA43F5/1410532670000/processed	26	Red - Head	Hair type
3P7RGTLO6ERWN9ARCIHB3RWLNH6KAN	A6LILYEG29KD0	33ISQZVXPQ05JATVUL15AN4LYLICCD	http://dig.isi.edu/ht/data/page/15BF3A2CB6F58DC0701129E5353E09EF7C582D16/1413481842000/processed	38	LATIN	Ethnicity/Origin
3P7RGTLO6ERWN9ARCIHB3RWLNH6KAN	A6LILYEG29KD0	33ISQZVXPQ05JATVUL15AN4LYLICCD	http://dig.isi.edu/ht/data/page/FFD49020FDBA549286F42B752054896F8B4F5AD9/1416416161000/processed	30	LEXI	Person name
3P7RGTLO6ERWN9ARCIHB3RWLNH6KAN	A6LILYEG29KD0	33ISQZVXPQ05JATVUL15AN4LYLICCD	http://dig.isi.edu/ht/data/page/3BB29E84DCFD7BE27C9BDEB5541C36BA99D61049/1405676166000/processed	0	no annotations
3P7RGTLO6ERWN9ARCIHB3RWLNH6KAN	A6LILYEG29KD0	33ISQZVXPQ05JATVUL15AN4LYLICCD	http://dig.isi.edu/ht/data/page/3672811DC6873C0B14591951FA7CC948EE0829EE/1417996120000/processed	16	Valentina	Person name
3P7RGTLO6ERWN9ARCIHB3RWLNH6KAN	A6LILYEG29KD0	33ISQZVXPQ05JATVUL15AN4LYLICCD	http://dig.isi.edu/ht/data/page/A379F51B946CD8C3F5F2A45CEA90A3581AB8417B/1400654679000/processed	0	no annotations
3P7RGTLO6ERWN9ARCIHB3RWLNH6KAN	A6LILYEG29KD0	33ISQZVXPQ05JATVUL15AN4LYLICCD	http://dig.isi.edu/ht/data/page/CC07D9725BEF07E83D49950462DDD06432D6E1EF/1407816214000/processed	0	no annotations
3P7RGTLO6ERWN9ARCIHB3RWLNH6KAN	A6LILYEG29KD0	33ISQZVXPQ05JATVUL15AN4LYLICCD	http://dig.isi.edu/ht/data/page/9DE2E3A52DDF947FB50F20DBD5FEFB3A2814E58D/1405788867000/processed	0	no annotations
3P7RGTLO6ERWN9ARCIHB3RWLNH6KAN	A6LILYEG29KD0	33ISQZVXPQ05JATVUL15AN4LYLICCD	http://dig.isi.edu/ht/data/page/D5EA28B48B19F26013B21574D6A7575F23C9548B/1425727195000/processed	0	no annotations
3P7RGTLO6ERWN9ARCIHB3RWLNH6KAN	A6LILYEG29KD0	33ISQZVXPQ05JATVUL15AN4LYLICCD	http://dig.isi.edu/ht/data/page/32E51093F60FF321D2F24B6725DE9CC435E2ACDA/1400708974000/processed	0	no annotations
3P7RGTLO6ERWN9ARCIHB3RWLNH6KAN	A6LILYEG29KD0	33ISQZVXPQ05JATVUL15AN4LYLICCD	emptyanswer
3P7RGTLO6ERWN9ARCIHB3RWLNH6KAN	A936CO3HKNVSI	3L70J4KAZH0RVN2BA30POYWFJI9DAC	http://dig.isi.edu/ht/data/page/746883F1F6C7501E998D3DBA9B81A8598ACA43F5/1410532670000/processed	0	no annotations
3P7RGTLO6ERWN9ARCIHB3RWLNH6KAN	A936CO3HKNVSI	3L70J4KAZH0RVN2BA30POYWFJI9DAC	http://dig.isi.edu/ht/data/page/15BF3A2CB6F58DC0701129E5353E09EF7C582D16/1413481842000/processed	0	no annotations
3P7RGTLO6ERWN9ARCIHB3RWLNH6KAN	A936CO3HKNVSI	3L70J4KAZH0RVN2BA30POYWFJI9DAC	http://dig.isi.edu/ht/data/page/FFD49020FDBA549286F42B752054896F8B4F5AD9/1416416161000/processed	29	 LEXI	Person name
3P7RGTLO6ERWN9ARCIHB3RWLNH6KAN	A936CO3HKNVSI	3L70J4KAZH0RVN2BA30POYWFJI9DAC	http://dig.isi.edu/ht/data/page/3BB29E84DCFD7BE27C9BDEB5541C36BA99D61049/1405676166000/processed	0	no annotations
3P7RGTLO6ERWN9ARCIHB3RWLNH6KAN	A936CO3HKNVSI	3L70J4KAZH0RVN2BA30POYWFJI9DAC	http://dig.isi.edu/ht/data/page/3672811DC6873C0B14591951FA7CC948EE0829EE/1417996120000/processed	16	Valentina	Person name
3P7RGTLO6ERWN9ARCIHB3RWLNH6KAN	A936CO3HKNVSI	3L70J4KAZH0RVN2BA30POYWFJI9DAC	http://dig.isi.edu/ht/data/page/A379F51B946CD8C3F5F2A45CEA90A3581AB8417B/1400654679000/processed	0	no annotations
3P7RGTLO6ERWN9ARCIHB3RWLNH6KAN	A936CO3HKNVSI	3L70J4KAZH0RVN2BA30POYWFJI9DAC	http://dig.isi.edu/ht/data/page/CC07D9725BEF07E83D49950462DDD06432D6E1EF/1407816214000/processed	0	no annotations
3P7RGTLO6ERWN9ARCIHB3RWLNH6KAN	A936CO3HKNVSI	3L70J4KAZH0RVN2BA30POYWFJI9DAC	http://dig.isi.edu/ht/data/page/9DE2E3A52DDF947FB50F20DBD5FEFB3A2814E58D/1405788867000/processed	0	no annotations
3P7RGTLO6ERWN9ARCIHB3RWLNH6KAN	A936CO3HKNVSI	3L70J4KAZH0RVN2BA30POYWFJI9DAC	http://dig.isi.edu/ht/data/page/D5EA28B48B19F26013B21574D6A7575F23C9548B/1425727195000/processed	0	no annotations
3P7RGTLO6ERWN9ARCIHB3RWLNH6KAN	A936CO3HKNVSI	3L70J4KAZH0RVN2BA30POYWFJI9DAC	http://dig.isi.edu/ht/data/page/32E51093F60FF321D2F24B6725DE9CC435E2ACDA/1400708974000/processed	0	no annotations
3P7RGTLO6ERWN9ARCIHB3RWLNH6KAN	A936CO3HKNVSI	3L70J4KAZH0RVN2BA30POYWFJI9DAC	emptyanswer
3J94SKDEKI3R3XS0P547R3L9BU9D5Y	A3LG3U59YDHEUS	3QY7M81QH80HQRANVHASIKPF2JY7KQ	http://dig.isi.edu/ht/data/page/2E58623E45639A1E9C1B0BFBB9B4F7DD65BB0877/1396820436000/processed	765	Vivien	Person name
3J94SKDEKI3R3XS0P547R3L9BU9D5Y	A3LG3U59YDHEUS	3QY7M81QH80HQRANVHASIKPF2JY7KQ	http://dig.isi.edu/ht/data/page/A6DFD6A38FE1EE5670C68027440CCCF6F75D1A8F/1396824733000/processed	33	adultsearch	Company name
3J94SKDEKI3R3XS0P547R3L9BU9D5Y	A3LG3U59YDHEUS	3QY7M81QH80HQRANVHASIKPF2JY7KQ	http://dig.isi.edu/ht/data/page/7A6F858DFBEAA1623B034238E7F50AEF0CC0E2E6/1414327403000/processed	331	_Natasha	Person name
3J94SKDEKI3R3XS0P547R3L9BU9D5Y	A3LG3U59YDHEUS	3QY7M81QH80HQRANVHASIKPF2JY7KQ	http://dig.isi.edu/ht/data/page/06C09E50ACDC8035F29E7DC19310DC9B221379DA/1396816351000/processed	0	no annotations
3J94SKDEKI3R3XS0P547R3L9BU9D5Y	A3LG3U59YDHEUS	3QY7M81QH80HQRANVHASIKPF2JY7KQ	http://dig.isi.edu/ht/data/page/1F6D6FA87F7629C817ED55AE36CAFEC909C03FCC/1400683569000/processed	30	Star	Person name
3J94SKDEKI3R3XS0P547R3L9BU9D5Y	A3LG3U59YDHEUS	3QY7M81QH80HQRANVHASIKPF2JY7KQ	http://dig.isi.edu/ht/data/page/33476AAF80B3C80A09B768344146A07ABEFEA2A7/1414521784000/processed	0	no annotations
3J94SKDEKI3R3XS0P547R3L9BU9D5Y	A3LG3U59YDHEUS	3QY7M81QH80HQRANVHASIKPF2JY7KQ	http://dig.isi.edu/ht/data/page/CBA6180E83EF4478EC42C9414F4184E0D95AC6E7/1417967078000/processed	25	Journey	Person name
3J94SKDEKI3R3XS0P547R3L9BU9D5Y	A3LG3U59YDHEUS	3QY7M81QH80HQRANVHASIKPF2JY7KQ	http://dig.isi.edu/ht/data/page/7AAC66C5E5E3373471D87DF5392F4CD15B38F135/1406080767000/processed	0	no annotations
3J94SKDEKI3R3XS0P547R3L9BU9D5Y	A3LG3U59YDHEUS	3QY7M81QH80HQRANVHASIKPF2JY7KQ	http://dig.isi.edu/ht/data/page/DE0941CFA28DD07F60C88688A8FA8F75367058B6/1396787168000/processed	28	ashley	Person name
3J94SKDEKI3R3XS0P547R3L9BU9D5Y	A3LG3U59YDHEUS	3QY7M81QH80HQRANVHASIKPF2JY7KQ	http://dig.isi.edu/ht/data/page/FEFD013EC2D010F0BD0D5B4CD58106DD0D52086F/1419453084000/processed	23	MAGNUM	Person name
3J94SKDEKI3R3XS0P547R3L9BU9D5Y	A3LG3U59YDHEUS	3QY7M81QH80HQRANVHASIKPF2JY7KQ	http://dig.isi.edu/ht/data/page/FEFD013EC2D010F0BD0D5B4CD58106DD0D52086F/1419453084000/processed	30	PRINCESS	Person name
3J94SKDEKI3R3XS0P547R3L9BU9D5Y	A3LG3U59YDHEUS	3QY7M81QH80HQRANVHASIKPF2JY7KQ	emptyanswer
3J94SKDEKI3R3XS0P547R3L9BU9D5Y	A6LILYEG29KD0	31QTRG6Q2UR1G234VI50REVB0SEYPK	http://dig.isi.edu/ht/data/page/2E58623E45639A1E9C1B0BFBB9B4F7DD65BB0877/1396820436000/processed	765	Vivien	Person name
3J94SKDEKI3R3XS0P547R3L9BU9D5Y	A6LILYEG29KD0	31QTRG6Q2UR1G234VI50REVB0SEYPK	http://dig.isi.edu/ht/data/page/A6DFD6A38FE1EE5670C68027440CCCF6F75D1A8F/1396824733000/processed	0	no annotations
3J94SKDEKI3R3XS0P547R3L9BU9D5Y	A6LILYEG29KD0	31QTRG6Q2UR1G234VI50REVB0SEYPK	http://dig.isi.edu/ht/data/page/7A6F858DFBEAA1623B034238E7F50AEF0CC0E2E6/1414327403000/processed	331	_Natasha	Person name
3J94SKDEKI3R3XS0P547R3L9BU9D5Y	A6LILYEG29KD0	31QTRG6Q2UR1G234VI50REVB0SEYPK	http://dig.isi.edu/ht/data/page/06C09E50ACDC8035F29E7DC19310DC9B221379DA/1396816351000/processed	0	no annotations
3J94SKDEKI3R3XS0P547R3L9BU9D5Y	A6LILYEG29KD0	31QTRG6Q2UR1G234VI50REVB0SEYPK	http://dig.isi.edu/ht/data/page/1F6D6FA87F7629C817ED55AE36CAFEC909C03FCC/1400683569000/processed	30	Star	Person name
3J94SKDEKI3R3XS0P547R3L9BU9D5Y	A6LILYEG29KD0	31QTRG6Q2UR1G234VI50REVB0SEYPK	http://dig.isi.edu/ht/data/page/33476AAF80B3C80A09B768344146A07ABEFEA2A7/1414521784000/processed	0	no annotations
3J94SKDEKI3R3XS0P547R3L9BU9D5Y	A6LILYEG29KD0	31QTRG6Q2UR1G234VI50REVB0SEYPK	http://dig.isi.edu/ht/data/page/CBA6180E83EF4478EC42C9414F4184E0D95AC6E7/1417967078000/processed	25	Journey	Person name
3J94SKDEKI3R3XS0P547R3L9BU9D5Y	A6LILYEG29KD0	31QTRG6Q2UR1G234VI50REVB0SEYPK	http://dig.isi.edu/ht/data/page/7AAC66C5E5E3373471D87DF5392F4CD15B38F135/1406080767000/processed	90	cherry creek	Company name
3J94SKDEKI3R3XS0P547R3L9BU9D5Y	A6LILYEG29KD0	31QTRG6Q2UR1G234VI50REVB0SEYPK	http://dig.isi.edu/ht/data/page/DE0941CFA28DD07F60C88688A8FA8F75367058B6/1396787168000/processed	28	ashley	Person name
3J94SKDEKI3R3XS0P547R3L9BU9D5Y	A6LILYEG29KD0	31QTRG6Q2UR1G234VI50REVB0SEYPK	http://dig.isi.edu/ht/data/page/DE0941CFA28DD07F60C88688A8FA8F75367058B6/1396787168000/processed	48	german	Ethnicity/Origin
3J94SKDEKI3R3XS0P547R3L9BU9D5Y	A6LILYEG29KD0	31QTRG6Q2UR1G234VI50REVB0SEYPK	http://dig.isi.edu/ht/data/page/DE0941CFA28DD07F60C88688A8FA8F75367058B6/1396787168000/processed	158	ashley	Person name
3J94SKDEKI3R3XS0P547R3L9BU9D5Y	A6LILYEG29KD0	31QTRG6Q2UR1G234VI50REVB0SEYPK	http://dig.isi.edu/ht/data/page/FEFD013EC2D010F0BD0D5B4CD58106DD0D52086F/1419453084000/processed	23	MAGNUM PRINCESS	Person name
3J94SKDEKI3R3XS0P547R3L9BU9D5Y	A6LILYEG29KD0	31QTRG6Q2UR1G234VI50REVB0SEYPK	emptyanswer
3J94SKDEKI3R3XS0P547R3L9BU9D5Y	ASWUY9PLO6YVN	3VELCLL3GLXSZJ375Q2M1X6XR1J1FN	http://dig.isi.edu/ht/data/page/2E58623E45639A1E9C1B0BFBB9B4F7DD65BB0877/1396820436000/processed	0	no annotations
3J94SKDEKI3R3XS0P547R3L9BU9D5Y	ASWUY9PLO6YVN	3VELCLL3GLXSZJ375Q2M1X6XR1J1FN	http://dig.isi.edu/ht/data/page/A6DFD6A38FE1EE5670C68027440CCCF6F75D1A8F/1396824733000/processed	0	no annotations
3J94SKDEKI3R3XS0P547R3L9BU9D5Y	ASWUY9PLO6YVN	3VELCLL3GLXSZJ375Q2M1X6XR1J1FN	http://dig.isi.edu/ht/data/page/7A6F858DFBEAA1623B034238E7F50AEF0CC0E2E6/1414327403000/processed	331	_Natasha	Person name
3J94SKDEKI3R3XS0P547R3L9BU9D5Y	ASWUY9PLO6YVN	3VELCLL3GLXSZJ375Q2M1X6XR1J1FN	http://dig.isi.edu/ht/data/page/06C09E50ACDC8035F29E7DC19310DC9B221379DA/1396816351000/processed	0	no annotations
3J94SKDEKI3R3XS0P547R3L9BU9D5Y	ASWUY9PLO6YVN	3VELCLL3GLXSZJ375Q2M1X6XR1J1FN	http://dig.isi.edu/ht/data/page/1F6D6FA87F7629C817ED55AE36CAFEC909C03FCC/1400683569000/processed	30	Star	Person name
3J94SKDEKI3R3XS0P547R3L9BU9D5Y	ASWUY9PLO6YVN	3VELCLL3GLXSZJ375Q2M1X6XR1J1FN	http://dig.isi.edu/ht/data/page/33476AAF80B3C80A09B768344146A07ABEFEA2A7/1414521784000/processed	0	no annotations
3J94SKDEKI3R3XS0P547R3L9BU9D5Y	ASWUY9PLO6YVN	3VELCLL3GLXSZJ375Q2M1X6XR1J1FN	http://dig.isi.edu/ht/data/page/CBA6180E83EF4478EC42C9414F4184E0D95AC6E7/1417967078000/processed	25	Journey	Person name
3J94SKDEKI3R3XS0P547R3L9BU9D5Y	ASWUY9PLO6YVN	3VELCLL3GLXSZJ375Q2M1X6XR1J1FN	http://dig.isi.edu/ht/data/page/7AAC66C5E5E3373471D87DF5392F4CD15B38F135/1406080767000/processed	0	no annotations
3J94SKDEKI3R3XS0P547R3L9BU9D5Y	ASWUY9PLO6YVN	3VELCLL3GLXSZJ375Q2M1X6XR1J1FN	http://dig.isi.edu/ht/data/page/DE0941CFA28DD07F60C88688A8FA8F75367058B6/1396787168000/processed	28	ashley	Person name
3J94SKDEKI3R3XS0P547R3L9BU9D5Y	ASWUY9PLO6YVN	3VELCLL3GLXSZJ375Q2M1X6XR1J1FN	http://dig.isi.edu/ht/data/page/DE0941CFA28DD07F60C88688A8FA8F75367058B6/1396787168000/processed	48	german	Ethnicity/Origin
3J94SKDEKI3R3XS0P547R3L9BU9D5Y	ASWUY9PLO6YVN	3VELCLL3GLXSZJ375Q2M1X6XR1J1FN	http://dig.isi.edu/ht/data/page/DE0941CFA28DD07F60C88688A8FA8F75367058B6/1396787168000/processed	158	ashley	Person name
3J94SKDEKI3R3XS0P547R3L9BU9D5Y	ASWUY9PLO6YVN	3VELCLL3GLXSZJ375Q2M1X6XR1J1FN	http://dig.isi.edu/ht/data/page/FEFD013EC2D010F0BD0D5B4CD58106DD0D52086F/1419453084000/processed	15	SHEMALE MAGNUM PRINCESS	Person name
3J94SKDEKI3R3XS0P547R3L9BU9D5Y	ASWUY9PLO6YVN	3VELCLL3GLXSZJ375Q2M1X6XR1J1FN	emptyanswer
3QO7EE372O1NHMDEV114UOS045KQBH	A1Y10YJ5ZSMALG	3K4J6M3CXF7U77C2CT1XUJZCWAPGAP	http://dig.isi.edu/ht/data/page/BACE92C4B20345C119C95E08D7ED8EC71B080843/1396849953000/processed	1	bella	Person name
3QO7EE372O1NHMDEV114UOS045KQBH	A1Y10YJ5ZSMALG	3K4J6M3CXF7U77C2CT1XUJZCWAPGAP	http://dig.isi.edu/ht/data/page/F024E354158FCFA7B64BA2C328E0BD109B1399A3/1400686875000/processed	15	mimi	Person name
3QO7EE372O1NHMDEV114UOS045KQBH	A1Y10YJ5ZSMALG	3K4J6M3CXF7U77C2CT1XUJZCWAPGAP	http://dig.isi.edu/ht/data/page/F024E354158FCFA7B64BA2C328E0BD109B1399A3/1400686875000/processed	301	Adult Finder	Company name
3QO7EE372O1NHMDEV114UOS045KQBH	A1Y10YJ5ZSMALG	3K4J6M3CXF7U77C2CT1XUJZCWAPGAP	http://dig.isi.edu/ht/data/page/6A3E1C841929AC98D378C7B882DAE04E2DBF0DF3/1396804119000/processed	417	Diamond 	Person name
3QO7EE372O1NHMDEV114UOS045KQBH	A1Y10YJ5ZSMALG	3K4J6M3CXF7U77C2CT1XUJZCWAPGAP	http://dig.isi.edu/ht/data/page/EFE5CED01A3FD2B39EFC9E02268E248F6852EC29/1415383101000/processed	205	Kenya	Person name
3QO7EE372O1NHMDEV114UOS045KQBH	A1Y10YJ5ZSMALG	3K4J6M3CXF7U77C2CT1XUJZCWAPGAP	http://dig.isi.edu/ht/data/page/31B5EFD2947C4300E313B3AA9480A25820603383/1422709893000/processed	191	Carmen	Person name
3QO7EE372O1NHMDEV114UOS045KQBH	A1Y10YJ5ZSMALG	3K4J6M3CXF7U77C2CT1XUJZCWAPGAP	http://dig.isi.edu/ht/data/page/0FD777FEA6037077ADDEC5A6CB702496DDC5C2CD/1405902432000/processed	70	kayden	Person name
3QO7EE372O1NHMDEV114UOS045KQBH	A1Y10YJ5ZSMALG	3K4J6M3CXF7U77C2CT1XUJZCWAPGAP	http://dig.isi.edu/ht/data/page/17D639D303270AF4E92136124A4160155E8D3457/1406093198000/processed	0	no annotations
3QO7EE372O1NHMDEV114UOS045KQBH	A1Y10YJ5ZSMALG	3K4J6M3CXF7U77C2CT1XUJZCWAPGAP	http://dig.isi.edu/ht/data/page/1FF4187D272AB49CA70EFB1680A26D2C4257BA9F/1423447642000/processed	14	London	Person name
3QO7EE372O1NHMDEV114UOS045KQBH	A1Y10YJ5ZSMALG	3K4J6M3CXF7U77C2CT1XUJZCWAPGAP	http://dig.isi.edu/ht/data/page/4EC4807EA9AEA8E650DD941518381F64C0A350AA/1414683716000/processed	7	STACEY	Person name
3QO7EE372O1NHMDEV114UOS045KQBH	A1Y10YJ5ZSMALG	3K4J6M3CXF7U77C2CT1XUJZCWAPGAP	http://dig.isi.edu/ht/data/page/4EC4807EA9AEA8E650DD941518381F64C0A350AA/1414683716000/processed	93	LONG , BEAUTIFUL HAIR	Hair type
3QO7EE372O1NHMDEV114UOS045KQBH	A1Y10YJ5ZSMALG	3K4J6M3CXF7U77C2CT1XUJZCWAPGAP	http://dig.isi.edu/ht/data/page/C7264575D094EBD2E50D42F627D80EA8208D1810/1406092660000/processed	0	no annotations
3QO7EE372O1NHMDEV114UOS045KQBH	A1Y10YJ5ZSMALG	3K4J6M3CXF7U77C2CT1XUJZCWAPGAP	emptyanswer
3QO7EE372O1NHMDEV114UOS045KQBH	A6LILYEG29KD0	392CY0QWG25T192GTGR92SQSJDMI49	http://dig.isi.edu/ht/data/page/BACE92C4B20345C119C95E08D7ED8EC71B080843/1396849953000/processed	1	bella	Person name
3QO7EE372O1NHMDEV114UOS045KQBH	A6LILYEG29KD0	392CY0QWG25T192GTGR92SQSJDMI49	http://dig.isi.edu/ht/data/page/F024E354158FCFA7B64BA2C328E0BD109B1399A3/1400686875000/processed	15	mimi	Person name
3QO7EE372O1NHMDEV114UOS045KQBH	A6LILYEG29KD0	392CY0QWG25T192GTGR92SQSJDMI49	http://dig.isi.edu/ht/data/page/6A3E1C841929AC98D378C7B882DAE04E2DBF0DF3/1396804119000/processed	417	Diamond	Person name
3QO7EE372O1NHMDEV114UOS045KQBH	A6LILYEG29KD0	392CY0QWG25T192GTGR92SQSJDMI49	http://dig.isi.edu/ht/data/page/EFE5CED01A3FD2B39EFC9E02268E248F6852EC29/1415383101000/processed	205	Kenya	Person name
3QO7EE372O1NHMDEV114UOS045KQBH	A6LILYEG29KD0	392CY0QWG25T192GTGR92SQSJDMI49	http://dig.isi.edu/ht/data/page/31B5EFD2947C4300E313B3AA9480A25820603383/1422709893000/processed	191	Carmen	Person name
3QO7EE372O1NHMDEV114UOS045KQBH	A6LILYEG29KD0	392CY0QWG25T192GTGR92SQSJDMI49	http://dig.isi.edu/ht/data/page/31B5EFD2947C4300E313B3AA9480A25820603383/1422709893000/processed	392	CARMEN	Person name
3QO7EE372O1NHMDEV114UOS045KQBH	A6LILYEG29KD0	392CY0QWG25T192GTGR92SQSJDMI49	http://dig.isi.edu/ht/data/page/0FD777FEA6037077ADDEC5A6CB702496DDC5C2CD/1405902432000/processed	70	kayden	Person name
3QO7EE372O1NHMDEV114UOS045KQBH	A6LILYEG29KD0	392CY0QWG25T192GTGR92SQSJDMI49	http://dig.isi.edu/ht/data/page/17D639D303270AF4E92136124A4160155E8D3457/1406093198000/processed	0	no annotations
3QO7EE372O1NHMDEV114UOS045KQBH	A6LILYEG29KD0	392CY0QWG25T192GTGR92SQSJDMI49	http://dig.isi.edu/ht/data/page/1FF4187D272AB49CA70EFB1680A26D2C4257BA9F/1423447642000/processed	14	London	Person name
3QO7EE372O1NHMDEV114UOS045KQBH	A6LILYEG29KD0	392CY0QWG25T192GTGR92SQSJDMI49	http://dig.isi.edu/ht/data/page/4EC4807EA9AEA8E650DD941518381F64C0A350AA/1414683716000/processed	7	STACEY	Person name
3QO7EE372O1NHMDEV114UOS045KQBH	A6LILYEG29KD0	392CY0QWG25T192GTGR92SQSJDMI49	http://dig.isi.edu/ht/data/page/4EC4807EA9AEA8E650DD941518381F64C0A350AA/1414683716000/processed	93	LONG , BEAUTIFUL HAIR	Hair type
3QO7EE372O1NHMDEV114UOS045KQBH	A6LILYEG29KD0	392CY0QWG25T192GTGR92SQSJDMI49	http://dig.isi.edu/ht/data/page/C7264575D094EBD2E50D42F627D80EA8208D1810/1406092660000/processed	0	no annotations
3QO7EE372O1NHMDEV114UOS045KQBH	A6LILYEG29KD0	392CY0QWG25T192GTGR92SQSJDMI49	emptyanswer
3QO7EE372O1NHMDEV114UOS045KQBH	AAE63MGOKSCY2	33LK57MYLUJYYKT1JLBD0Q9OT6SZSV	http://dig.isi.edu/ht/data/page/BACE92C4B20345C119C95E08D7ED8EC71B080843/1396849953000/processed	0	no annotations
3QO7EE372O1NHMDEV114UOS045KQBH	AAE63MGOKSCY2	33LK57MYLUJYYKT1JLBD0Q9OT6SZSV	http://dig.isi.edu/ht/data/page/F024E354158FCFA7B64BA2C328E0BD109B1399A3/1400686875000/processed	15	mimi	Person name
3QO7EE372O1NHMDEV114UOS045KQBH	AAE63MGOKSCY2	33LK57MYLUJYYKT1JLBD0Q9OT6SZSV	http://dig.isi.edu/ht/data/page/6A3E1C841929AC98D378C7B882DAE04E2DBF0DF3/1396804119000/processed	417	Diamond	Person name
3QO7EE372O1NHMDEV114UOS045KQBH	AAE63MGOKSCY2	33LK57MYLUJYYKT1JLBD0Q9OT6SZSV	http://dig.isi.edu/ht/data/page/EFE5CED01A3FD2B39EFC9E02268E248F6852EC29/1415383101000/processed	205	Kenya	Person name
3QO7EE372O1NHMDEV114UOS045KQBH	AAE63MGOKSCY2	33LK57MYLUJYYKT1JLBD0Q9OT6SZSV	http://dig.isi.edu/ht/data/page/31B5EFD2947C4300E313B3AA9480A25820603383/1422709893000/processed	191	Carmen	Person name
3QO7EE372O1NHMDEV114UOS045KQBH	AAE63MGOKSCY2	33LK57MYLUJYYKT1JLBD0Q9OT6SZSV	http://dig.isi.edu/ht/data/page/0FD777FEA6037077ADDEC5A6CB702496DDC5C2CD/1405902432000/processed	70	kayden	Person name
3QO7EE372O1NHMDEV114UOS045KQBH	AAE63MGOKSCY2	33LK57MYLUJYYKT1JLBD0Q9OT6SZSV	http://dig.isi.edu/ht/data/page/17D639D303270AF4E92136124A4160155E8D3457/1406093198000/processed	0	no annotations
3QO7EE372O1NHMDEV114UOS045KQBH	AAE63MGOKSCY2	33LK57MYLUJYYKT1JLBD0Q9OT6SZSV	http://dig.isi.edu/ht/data/page/1FF4187D272AB49CA70EFB1680A26D2C4257BA9F/1423447642000/processed	14	London	Person name
3QO7EE372O1NHMDEV114UOS045KQBH	AAE63MGOKSCY2	33LK57MYLUJYYKT1JLBD0Q9OT6SZSV	http://dig.isi.edu/ht/data/page/4EC4807EA9AEA8E650DD941518381F64C0A350AA/1414683716000/processed	7	STACEY	Person name
3QO7EE372O1NHMDEV114UOS045KQBH	AAE63MGOKSCY2	33LK57MYLUJYYKT1JLBD0Q9OT6SZSV	http://dig.isi.edu/ht/data/page/4EC4807EA9AEA8E650DD941518381F64C0A350AA/1414683716000/processed	93	LONG	Hair type
3QO7EE372O1NHMDEV114UOS045KQBH	AAE63MGOKSCY2	33LK57MYLUJYYKT1JLBD0Q9OT6SZSV	http://dig.isi.edu/ht/data/page/4EC4807EA9AEA8E650DD941518381F64C0A350AA/1414683716000/processed	100	BEAUTIFUL	Hair type
3QO7EE372O1NHMDEV114UOS045KQBH	AAE63MGOKSCY2	33LK57MYLUJYYKT1JLBD0Q9OT6SZSV	http://dig.isi.edu/ht/data/page/C7264575D094EBD2E50D42F627D80EA8208D1810/1406092660000/processed	14	 BoDaciOus BiGg BoOtY	Person name
3QO7EE372O1NHMDEV114UOS045KQBH	AAE63MGOKSCY2	33LK57MYLUJYYKT1JLBD0Q9OT6SZSV	emptyanswer
31J7RYECZL4BDRF91Z0J7QGX8N6L14	A936CO3HKNVSI	3H7XDTSHKD5REKF5DYXPC8W3OTSWGG	http://dig.isi.edu/ht/data/page/1B23F61932B356F3C9075D8BFAF0C8C7469EE7CE/1423559421000/processed	0	no annotations
31J7RYECZL4BDRF91Z0J7QGX8N6L14	A936CO3HKNVSI	3H7XDTSHKD5REKF5DYXPC8W3OTSWGG	http://dig.isi.edu/ht/data/page/3552030F2E5F0343AC3B7A52EED609A9F07946BE/1400664039000/processed	341	Phoenix	Person name
31J7RYECZL4BDRF91Z0J7QGX8N6L14	A936CO3HKNVSI	3H7XDTSHKD5REKF5DYXPC8W3OTSWGG	http://dig.isi.edu/ht/data/page/802700E102BD5FD4EE8C2AE8DA0CF0804C0DD3BE/1420314742000/processed	68	Nubian	Ethnicity/Origin
31J7RYECZL4BDRF91Z0J7QGX8N6L14	A936CO3HKNVSI	3H7XDTSHKD5REKF5DYXPC8W3OTSWGG	http://dig.isi.edu/ht/data/page/802700E102BD5FD4EE8C2AE8DA0CF0804C0DD3BE/1420314742000/processed	188	Black Long Hair (	Hair type
31J7RYECZL4BDRF91Z0J7QGX8N6L14	A936CO3HKNVSI	3H7XDTSHKD5REKF5DYXPC8W3OTSWGG	http://dig.isi.edu/ht/data/page/802700E102BD5FD4EE8C2AE8DA0CF0804C0DD3BE/1420314742000/processed	341	aSHLEY 	Person name
31J7RYECZL4BDRF91Z0J7QGX8N6L14	A936CO3HKNVSI	3H7XDTSHKD5REKF5DYXPC8W3OTSWGG	http://dig.isi.edu/ht/data/page/B5629DA56AD78AD72F8F284DE4A82D2B532F8012/1419116963000/processed	218	Caucasian	Ethnicity/Origin
31J7RYECZL4BDRF91Z0J7QGX8N6L14	A936CO3HKNVSI	3H7XDTSHKD5REKF5DYXPC8W3OTSWGG	http://dig.isi.edu/ht/data/page/B5629DA56AD78AD72F8F284DE4A82D2B532F8012/1419116963000/processed	510	CharlotteEdwards	Company name
31J7RYECZL4BDRF91Z0J7QGX8N6L14	A936CO3HKNVSI	3H7XDTSHKD5REKF5DYXPC8W3OTSWGG	http://dig.isi.edu/ht/data/page/71DDA51484542DFE72C98B75CA79FE8FAE9ED17E/1423703899000/processed	0	no annotations
31J7RYECZL4BDRF91Z0J7QGX8N6L14	A936CO3HKNVSI	3H7XDTSHKD5REKF5DYXPC8W3OTSWGG	http://dig.isi.edu/ht/data/page/8B061F6ED3EABF3C8EDDE2D77BCF26EA7AEB61E9/1405640715000/processed	0	no annotations
31J7RYECZL4BDRF91Z0J7QGX8N6L14	A936CO3HKNVSI	3H7XDTSHKD5REKF5DYXPC8W3OTSWGG	http://dig.isi.edu/ht/data/page/56BB3A69B0305E2D4BBBEC1C7F8F456DE5216AC2/1409148970000/processed	22	VIViAN	Person name
31J7RYECZL4BDRF91Z0J7QGX8N6L14	A936CO3HKNVSI	3H7XDTSHKD5REKF5DYXPC8W3OTSWGG	http://dig.isi.edu/ht/data/page/44E71AF559FE00E535E3D72E9197F64B4EF6B4BB/1412193181000/processed	0	no annotations
31J7RYECZL4BDRF91Z0J7QGX8N6L14	A936CO3HKNVSI	3H7XDTSHKD5REKF5DYXPC8W3OTSWGG	http://dig.isi.edu/ht/data/page/B1666F7AC7CD189154B2021C1BA0AF9E765A24E2/1410497390000/processed	0	no annotations
31J7RYECZL4BDRF91Z0J7QGX8N6L14	A936CO3HKNVSI	3H7XDTSHKD5REKF5DYXPC8W3OTSWGG	http://dig.isi.edu/ht/data/page/D590E8C2B140CC888B63620DACF41766846AA592/1398125886000/processed	13	Spanish 	Ethnicity/Origin
31J7RYECZL4BDRF91Z0J7QGX8N6L14	A936CO3HKNVSI	3H7XDTSHKD5REKF5DYXPC8W3OTSWGG	http://dig.isi.edu/ht/data/page/D590E8C2B140CC888B63620DACF41766846AA592/1398125886000/processed	23	Columbia	Ethnicity/Origin
31J7RYECZL4BDRF91Z0J7QGX8N6L14	A936CO3HKNVSI	3H7XDTSHKD5REKF5DYXPC8W3OTSWGG	emptyanswer
31J7RYECZL4BDRF91Z0J7QGX8N6L14	A1Y10YJ5ZSMALG	3ATTHHXXWB2KZBQQDRTEZ3NQC8RXI3	http://dig.isi.edu/ht/data/page/1B23F61932B356F3C9075D8BFAF0C8C7469EE7CE/1423559421000/processed	156	Harmony	Person name
31J7RYECZL4BDRF91Z0J7QGX8N6L14	A1Y10YJ5ZSMALG	3ATTHHXXWB2KZBQQDRTEZ3NQC8RXI3	http://dig.isi.edu/ht/data/page/3552030F2E5F0343AC3B7A52EED609A9F07946BE/1400664039000/processed	341	Phoenix	Person name
31J7RYECZL4BDRF91Z0J7QGX8N6L14	A1Y10YJ5ZSMALG	3ATTHHXXWB2KZBQQDRTEZ3NQC8RXI3	http://dig.isi.edu/ht/data/page/3552030F2E5F0343AC3B7A52EED609A9F07946BE/1400664039000/processed	432	Adult Finder	Company name
31J7RYECZL4BDRF91Z0J7QGX8N6L14	A1Y10YJ5ZSMALG	3ATTHHXXWB2KZBQQDRTEZ3NQC8RXI3	http://dig.isi.edu/ht/data/page/802700E102BD5FD4EE8C2AE8DA0CF0804C0DD3BE/1420314742000/processed	188	Black Long Hair	Hair type
31J7RYECZL4BDRF91Z0J7QGX8N6L14	A1Y10YJ5ZSMALG	3ATTHHXXWB2KZBQQDRTEZ3NQC8RXI3	http://dig.isi.edu/ht/data/page/802700E102BD5FD4EE8C2AE8DA0CF0804C0DD3BE/1420314742000/processed	341	aSHLEY	Person name
31J7RYECZL4BDRF91Z0J7QGX8N6L14	A1Y10YJ5ZSMALG	3ATTHHXXWB2KZBQQDRTEZ3NQC8RXI3	http://dig.isi.edu/ht/data/page/B5629DA56AD78AD72F8F284DE4A82D2B532F8012/1419116963000/processed	218	Caucasian	Ethnicity/Origin
31J7RYECZL4BDRF91Z0J7QGX8N6L14	A1Y10YJ5ZSMALG	3ATTHHXXWB2KZBQQDRTEZ3NQC8RXI3	http://dig.isi.edu/ht/data/page/B5629DA56AD78AD72F8F284DE4A82D2B532F8012/1419116963000/processed	510	CharlotteEdwards	Company name
31J7RYECZL4BDRF91Z0J7QGX8N6L14	A1Y10YJ5ZSMALG	3ATTHHXXWB2KZBQQDRTEZ3NQC8RXI3	http://dig.isi.edu/ht/data/page/71DDA51484542DFE72C98B75CA79FE8FAE9ED17E/1423703899000/processed	0	no annotations
31J7RYECZL4BDRF91Z0J7QGX8N6L14	A1Y10YJ5ZSMALG	3ATTHHXXWB2KZBQQDRTEZ3NQC8RXI3	http://dig.isi.edu/ht/data/page/8B061F6ED3EABF3C8EDDE2D77BCF26EA7AEB61E9/1405640715000/processed	0	no annotations
31J7RYECZL4BDRF91Z0J7QGX8N6L14	A1Y10YJ5ZSMALG	3ATTHHXXWB2KZBQQDRTEZ3NQC8RXI3	http://dig.isi.edu/ht/data/page/56BB3A69B0305E2D4BBBEC1C7F8F456DE5216AC2/1409148970000/processed	22	VIViAN	Person name
31J7RYECZL4BDRF91Z0J7QGX8N6L14	A1Y10YJ5ZSMALG	3ATTHHXXWB2KZBQQDRTEZ3NQC8RXI3	http://dig.isi.edu/ht/data/page/44E71AF559FE00E535E3D72E9197F64B4EF6B4BB/1412193181000/processed	0	no annotations
31J7RYECZL4BDRF91Z0J7QGX8N6L14	A1Y10YJ5ZSMALG	3ATTHHXXWB2KZBQQDRTEZ3NQC8RXI3	http://dig.isi.edu/ht/data/page/B1666F7AC7CD189154B2021C1BA0AF9E765A24E2/1410497390000/processed	24	blonde	Hair type
31J7RYECZL4BDRF91Z0J7QGX8N6L14	A1Y10YJ5ZSMALG	3ATTHHXXWB2KZBQQDRTEZ3NQC8RXI3	http://dig.isi.edu/ht/data/page/D590E8C2B140CC888B63620DACF41766846AA592/1398125886000/processed	13	Spanish / Columbia	Ethnicity/Origin
31J7RYECZL4BDRF91Z0J7QGX8N6L14	A1Y10YJ5ZSMALG	3ATTHHXXWB2KZBQQDRTEZ3NQC8RXI3	http://dig.isi.edu/ht/data/page/D590E8C2B140CC888B63620DACF41766846AA592/1398125886000/processed	518	LOLA	Person name
31J7RYECZL4BDRF91Z0J7QGX8N6L14	A1Y10YJ5ZSMALG	3ATTHHXXWB2KZBQQDRTEZ3NQC8RXI3	emptyanswer
31J7RYECZL4BDRF91Z0J7QGX8N6L14	A6LILYEG29KD0	3OWEPKL08AQIYXVQSU28AC6JWE67NY	http://dig.isi.edu/ht/data/page/1B23F61932B356F3C9075D8BFAF0C8C7469EE7CE/1423559421000/processed	156	Harmony	Person name
31J7RYECZL4BDRF91Z0J7QGX8N6L14	A6LILYEG29KD0	3OWEPKL08AQIYXVQSU28AC6JWE67NY	http://dig.isi.edu/ht/data/page/3552030F2E5F0343AC3B7A52EED609A9F07946BE/1400664039000/processed	0	no annotations
31J7RYECZL4BDRF91Z0J7QGX8N6L14	A6LILYEG29KD0	3OWEPKL08AQIYXVQSU28AC6JWE67NY	http://dig.isi.edu/ht/data/page/802700E102BD5FD4EE8C2AE8DA0CF0804C0DD3BE/1420314742000/processed	68	Nubian	Ethnicity/Origin
31J7RYECZL4BDRF91Z0J7QGX8N6L14	A6LILYEG29KD0	3OWEPKL08AQIYXVQSU28AC6JWE67NY	http://dig.isi.edu/ht/data/page/802700E102BD5FD4EE8C2AE8DA0CF0804C0DD3BE/1420314742000/processed	188	Black Long Hair	Hair type
31J7RYECZL4BDRF91Z0J7QGX8N6L14	A6LILYEG29KD0	3OWEPKL08AQIYXVQSU28AC6JWE67NY	http://dig.isi.edu/ht/data/page/802700E102BD5FD4EE8C2AE8DA0CF0804C0DD3BE/1420314742000/processed	341	aSHLEY	Person name
31J7RYECZL4BDRF91Z0J7QGX8N6L14	A6LILYEG29KD0	3OWEPKL08AQIYXVQSU28AC6JWE67NY	http://dig.isi.edu/ht/data/page/B5629DA56AD78AD72F8F284DE4A82D2B532F8012/1419116963000/processed	218	Caucasian	Ethnicity/Origin
31J7RYECZL4BDRF91Z0J7QGX8N6L14	A6LILYEG29KD0	3OWEPKL08AQIYXVQSU28AC6JWE67NY	http://dig.isi.edu/ht/data/page/B5629DA56AD78AD72F8F284DE4A82D2B532F8012/1419116963000/processed	510	CharlotteEdwards	Person name
31J7RYECZL4BDRF91Z0J7QGX8N6L14	A6LILYEG29KD0	3OWEPKL08AQIYXVQSU28AC6JWE67NY	http://dig.isi.edu/ht/data/page/71DDA51484542DFE72C98B75CA79FE8FAE9ED17E/1423703899000/processed	0	no annotations
31J7RYECZL4BDRF91Z0J7QGX8N6L14	A6LILYEG29KD0	3OWEPKL08AQIYXVQSU28AC6JWE67NY	http://dig.isi.edu/ht/data/page/8B061F6ED3EABF3C8EDDE2D77BCF26EA7AEB61E9/1405640715000/processed	0	no annotations
31J7RYECZL4BDRF91Z0J7QGX8N6L14	A6LILYEG29KD0	3OWEPKL08AQIYXVQSU28AC6JWE67NY	http://dig.isi.edu/ht/data/page/56BB3A69B0305E2D4BBBEC1C7F8F456DE5216AC2/1409148970000/processed	22	VIViAN GaTES	Person name
31J7RYECZL4BDRF91Z0J7QGX8N6L14	A6LILYEG29KD0	3OWEPKL08AQIYXVQSU28AC6JWE67NY	http://dig.isi.edu/ht/data/page/44E71AF559FE00E535E3D72E9197F64B4EF6B4BB/1412193181000/processed	0	no annotations
31J7RYECZL4BDRF91Z0J7QGX8N6L14	A6LILYEG29KD0	3OWEPKL08AQIYXVQSU28AC6JWE67NY	http://dig.isi.edu/ht/data/page/B1666F7AC7CD189154B2021C1BA0AF9E765A24E2/1410497390000/processed	24	blonde	Hair type
31J7RYECZL4BDRF91Z0J7QGX8N6L14	A6LILYEG29KD0	3OWEPKL08AQIYXVQSU28AC6JWE67NY	http://dig.isi.edu/ht/data/page/D590E8C2B140CC888B63620DACF41766846AA592/1398125886000/processed	13	Spanish	Ethnicity/Origin
31J7RYECZL4BDRF91Z0J7QGX8N6L14	A6LILYEG29KD0	3OWEPKL08AQIYXVQSU28AC6JWE67NY	http://dig.isi.edu/ht/data/page/D590E8C2B140CC888B63620DACF41766846AA592/1398125886000/processed	23	Columbia	Ethnicity/Origin
31J7RYECZL4BDRF91Z0J7QGX8N6L14	A6LILYEG29KD0	3OWEPKL08AQIYXVQSU28AC6JWE67NY	emptyanswer
3BS6ERDL93LNM1SEUOECJ9Z97PKD6E	AASJVWHK4W9NT	35GCEFQ6I62UE38MT6ACSI1C1QOZ3Y	http://dig.isi.edu/ht/data/page/545BDD13F62744F3A334A65E6E8793155A4C57D8/1405976761000/processed	0	no annotations
3BS6ERDL93LNM1SEUOECJ9Z97PKD6E	AASJVWHK4W9NT	35GCEFQ6I62UE38MT6ACSI1C1QOZ3Y	http://dig.isi.edu/ht/data/page/4C4B87FD0FE345A80619FD6B58A2750740403ECD/1422659493000/processed	0	no annotations
3BS6ERDL93LNM1SEUOECJ9Z97PKD6E	AASJVWHK4W9NT	35GCEFQ6I62UE38MT6ACSI1C1QOZ3Y	http://dig.isi.edu/ht/data/page/7965083AD59B69F5525B2FA8975B0A028023C769/1414408964000/processed	73	COLUMBIANS	Ethnicity/Origin
3BS6ERDL93LNM1SEUOECJ9Z97PKD6E	AASJVWHK4W9NT	35GCEFQ6I62UE38MT6ACSI1C1QOZ3Y	http://dig.isi.edu/ht/data/page/7965083AD59B69F5525B2FA8975B0A028023C769/1414408964000/processed	86	BRAZILIANS	Ethnicity/Origin
3BS6ERDL93LNM1SEUOECJ9Z97PKD6E	AASJVWHK4W9NT	35GCEFQ6I62UE38MT6ACSI1C1QOZ3Y	http://dig.isi.edu/ht/data/page/7965083AD59B69F5525B2FA8975B0A028023C769/1414408964000/processed	99	DOMINICANS	Ethnicity/Origin
3BS6ERDL93LNM1SEUOECJ9Z97PKD6E	AASJVWHK4W9NT	35GCEFQ6I62UE38MT6ACSI1C1QOZ3Y	http://dig.isi.edu/ht/data/page/7965083AD59B69F5525B2FA8975B0A028023C769/1414408964000/processed	112	ITALIANS	Ethnicity/Origin
3BS6ERDL93LNM1SEUOECJ9Z97PKD6E	AASJVWHK4W9NT	35GCEFQ6I62UE38MT6ACSI1C1QOZ3Y	http://dig.isi.edu/ht/data/page/7965083AD59B69F5525B2FA8975B0A028023C769/1414408964000/processed	123	WHITE GIRLS	Ethnicity/Origin
3BS6ERDL93LNM1SEUOECJ9Z97PKD6E	AASJVWHK4W9NT	35GCEFQ6I62UE38MT6ACSI1C1QOZ3Y	http://dig.isi.edu/ht/data/page/F6717507F3BD5FE7EDD1843FA73511EA0766F9BC/1425179524000/processed	378	Tasha	Person name
3BS6ERDL93LNM1SEUOECJ9Z97PKD6E	AASJVWHK4W9NT	35GCEFQ6I62UE38MT6ACSI1C1QOZ3Y	http://dig.isi.edu/ht/data/page/3DD839E0CDF2558863A6C00684A475D7C1CA55F8/1400666389000/processed	9	Lauren	Person name
3BS6ERDL93LNM1SEUOECJ9Z97PKD6E	AASJVWHK4W9NT	35GCEFQ6I62UE38MT6ACSI1C1QOZ3Y	http://dig.isi.edu/ht/data/page/3DD839E0CDF2558863A6C00684A475D7C1CA55F8/1400666389000/processed	400	Lauren	Person name
3BS6ERDL93LNM1SEUOECJ9Z97PKD6E	AASJVWHK4W9NT	35GCEFQ6I62UE38MT6ACSI1C1QOZ3Y	http://dig.isi.edu/ht/data/page/6AB16EA362EA86AA5F315E9EC59F2F66A9A2D890/1408172544000/processed	18	CIDNEY	Person name
3BS6ERDL93LNM1SEUOECJ9Z97PKD6E	AASJVWHK4W9NT	35GCEFQ6I62UE38MT6ACSI1C1QOZ3Y	http://dig.isi.edu/ht/data/page/1F486DCB8D831C231E45CD88BAF7DFE33C918E48/1414480113000/processed	22	Nina	Person name
3BS6ERDL93LNM1SEUOECJ9Z97PKD6E	AASJVWHK4W9NT	35GCEFQ6I62UE38MT6ACSI1C1QOZ3Y	http://dig.isi.edu/ht/data/page/741A3DE9BBEAF956C0CB21EB21066AB082F74805/1406687629000/processed	15	Jewels	Person name
3BS6ERDL93LNM1SEUOECJ9Z97PKD6E	AASJVWHK4W9NT	35GCEFQ6I62UE38MT6ACSI1C1QOZ3Y	http://dig.isi.edu/ht/data/page/55DD142AE6490EEE890A9E929D03B59287290B88/1423383624000/processed	13	redhead	Hair type
3BS6ERDL93LNM1SEUOECJ9Z97PKD6E	AASJVWHK4W9NT	35GCEFQ6I62UE38MT6ACSI1C1QOZ3Y	http://dig.isi.edu/ht/data/page/A3DA4BC64850EDDDC9F269173C67C645C539EA8D/1422037842000/processed	31	Mercantile Library of Cincinnati	Company name
3BS6ERDL93LNM1SEUOECJ9Z97PKD6E	AASJVWHK4W9NT	35GCEFQ6I62UE38MT6ACSI1C1QOZ3Y	http://dig.isi.edu/ht/data/page/A3DA4BC64850EDDDC9F269173C67C645C539EA8D/1422037842000/processed	537	The Mercantile Library 	Company name
3BS6ERDL93LNM1SEUOECJ9Z97PKD6E	AASJVWHK4W9NT	35GCEFQ6I62UE38MT6ACSI1C1QOZ3Y	http://dig.isi.edu/ht/data/page/A3DA4BC64850EDDDC9F269173C67C645C539EA8D/1422037842000/processed	494	mercantilelibrary	Company name
3BS6ERDL93LNM1SEUOECJ9Z97PKD6E	AASJVWHK4W9NT	35GCEFQ6I62UE38MT6ACSI1C1QOZ3Y	http://dig.isi.edu/ht/data/page/A3DA4BC64850EDDDC9F269173C67C645C539EA8D/1422037842000/processed	444	="http://new.mercantilelibrary.com/search">	Company name
3BS6ERDL93LNM1SEUOECJ9Z97PKD6E	AASJVWHK4W9NT	35GCEFQ6I62UE38MT6ACSI1C1QOZ3Y	emptyanswer
3BS6ERDL93LNM1SEUOECJ9Z97PKD6E	ASWUY9PLO6YVN	3BWI6RSP7HNE4RIDZVZPKPCAIM4E7F	http://dig.isi.edu/ht/data/page/545BDD13F62744F3A334A65E6E8793155A4C57D8/1405976761000/processed	0	no annotations
3BS6ERDL93LNM1SEUOECJ9Z97PKD6E	ASWUY9PLO6YVN	3BWI6RSP7HNE4RIDZVZPKPCAIM4E7F	http://dig.isi.edu/ht/data/page/4C4B87FD0FE345A80619FD6B58A2750740403ECD/1422659493000/processed	0	no annotations
3BS6ERDL93LNM1SEUOECJ9Z97PKD6E	ASWUY9PLO6YVN	3BWI6RSP7HNE4RIDZVZPKPCAIM4E7F	http://dig.isi.edu/ht/data/page/7965083AD59B69F5525B2FA8975B0A028023C769/1414408964000/processed	73	COLUMBIANS	Ethnicity/Origin
3BS6ERDL93LNM1SEUOECJ9Z97PKD6E	ASWUY9PLO6YVN	3BWI6RSP7HNE4RIDZVZPKPCAIM4E7F	http://dig.isi.edu/ht/data/page/7965083AD59B69F5525B2FA8975B0A028023C769/1414408964000/processed	86	BRAZILIANS	Ethnicity/Origin
3BS6ERDL93LNM1SEUOECJ9Z97PKD6E	ASWUY9PLO6YVN	3BWI6RSP7HNE4RIDZVZPKPCAIM4E7F	http://dig.isi.edu/ht/data/page/7965083AD59B69F5525B2FA8975B0A028023C769/1414408964000/processed	99	DOMINICANS	Ethnicity/Origin
3BS6ERDL93LNM1SEUOECJ9Z97PKD6E	ASWUY9PLO6YVN	3BWI6RSP7HNE4RIDZVZPKPCAIM4E7F	http://dig.isi.edu/ht/data/page/7965083AD59B69F5525B2FA8975B0A028023C769/1414408964000/processed	112	ITALIANS	Ethnicity/Origin
3BS6ERDL93LNM1SEUOECJ9Z97PKD6E	ASWUY9PLO6YVN	3BWI6RSP7HNE4RIDZVZPKPCAIM4E7F	http://dig.isi.edu/ht/data/page/7965083AD59B69F5525B2FA8975B0A028023C769/1414408964000/processed	123	WHITE	Ethnicity/Origin
3BS6ERDL93LNM1SEUOECJ9Z97PKD6E	ASWUY9PLO6YVN	3BWI6RSP7HNE4RIDZVZPKPCAIM4E7F	http://dig.isi.edu/ht/data/page/F6717507F3BD5FE7EDD1843FA73511EA0766F9BC/1425179524000/processed	378	Tasha	Person name
3BS6ERDL93LNM1SEUOECJ9Z97PKD6E	ASWUY9PLO6YVN	3BWI6RSP7HNE4RIDZVZPKPCAIM4E7F	http://dig.isi.edu/ht/data/page/3DD839E0CDF2558863A6C00684A475D7C1CA55F8/1400666389000/processed	9	Lauren	Person name
3BS6ERDL93LNM1SEUOECJ9Z97PKD6E	ASWUY9PLO6YVN	3BWI6RSP7HNE4RIDZVZPKPCAIM4E7F	http://dig.isi.edu/ht/data/page/3DD839E0CDF2558863A6C00684A475D7C1CA55F8/1400666389000/processed	400	Lauren foxx	Person name
3BS6ERDL93LNM1SEUOECJ9Z97PKD6E	ASWUY9PLO6YVN	3BWI6RSP7HNE4RIDZVZPKPCAIM4E7F	http://dig.isi.edu/ht/data/page/6AB16EA362EA86AA5F315E9EC59F2F66A9A2D890/1408172544000/processed	18	CIDNEY	Person name
3BS6ERDL93LNM1SEUOECJ9Z97PKD6E	ASWUY9PLO6YVN	3BWI6RSP7HNE4RIDZVZPKPCAIM4E7F	http://dig.isi.edu/ht/data/page/1F486DCB8D831C231E45CD88BAF7DFE33C918E48/1414480113000/processed	22	Nina	Person name
3BS6ERDL93LNM1SEUOECJ9Z97PKD6E	ASWUY9PLO6YVN	3BWI6RSP7HNE4RIDZVZPKPCAIM4E7F	http://dig.isi.edu/ht/data/page/741A3DE9BBEAF956C0CB21EB21066AB082F74805/1406687629000/processed	15	Jewels	Person name
3BS6ERDL93LNM1SEUOECJ9Z97PKD6E	ASWUY9PLO6YVN	3BWI6RSP7HNE4RIDZVZPKPCAIM4E7F	http://dig.isi.edu/ht/data/page/55DD142AE6490EEE890A9E929D03B59287290B88/1423383624000/processed	13	redhead	Hair type
3BS6ERDL93LNM1SEUOECJ9Z97PKD6E	ASWUY9PLO6YVN	3BWI6RSP7HNE4RIDZVZPKPCAIM4E7F	http://dig.isi.edu/ht/data/page/A3DA4BC64850EDDDC9F269173C67C645C539EA8D/1422037842000/processed	31	Mercantile Library of Cincinnati	Company name
3BS6ERDL93LNM1SEUOECJ9Z97PKD6E	ASWUY9PLO6YVN	3BWI6RSP7HNE4RIDZVZPKPCAIM4E7F	http://dig.isi.edu/ht/data/page/A3DA4BC64850EDDDC9F269173C67C645C539EA8D/1422037842000/processed	226	="mailto:search@mercantilelibrary.com">	Company name
3BS6ERDL93LNM1SEUOECJ9Z97PKD6E	ASWUY9PLO6YVN	3BWI6RSP7HNE4RIDZVZPKPCAIM4E7F	http://dig.isi.edu/ht/data/page/A3DA4BC64850EDDDC9F269173C67C645C539EA8D/1422037842000/processed	275	mercantilelibrary	Company name
3BS6ERDL93LNM1SEUOECJ9Z97PKD6E	ASWUY9PLO6YVN	3BWI6RSP7HNE4RIDZVZPKPCAIM4E7F	http://dig.isi.edu/ht/data/page/A3DA4BC64850EDDDC9F269173C67C645C539EA8D/1422037842000/processed	444	="http://new.mercantilelibrary.com/search">	Company name
3BS6ERDL93LNM1SEUOECJ9Z97PKD6E	ASWUY9PLO6YVN	3BWI6RSP7HNE4RIDZVZPKPCAIM4E7F	http://dig.isi.edu/ht/data/page/A3DA4BC64850EDDDC9F269173C67C645C539EA8D/1422037842000/processed	494	mercantilelibrary	Company name
3BS6ERDL93LNM1SEUOECJ9Z97PKD6E	ASWUY9PLO6YVN	3BWI6RSP7HNE4RIDZVZPKPCAIM4E7F	http://dig.isi.edu/ht/data/page/A3DA4BC64850EDDDC9F269173C67C645C539EA8D/1422037842000/processed	541	Mercantile Library	Company name
3BS6ERDL93LNM1SEUOECJ9Z97PKD6E	ASWUY9PLO6YVN	3BWI6RSP7HNE4RIDZVZPKPCAIM4E7F	emptyanswer
3BS6ERDL93LNM1SEUOECJ9Z97PKD6E	A936CO3HKNVSI	3S96KQ6I9NIWAJ1KG3R6J3M777UDTX	http://dig.isi.edu/ht/data/page/545BDD13F62744F3A334A65E6E8793155A4C57D8/1405976761000/processed	0	no annotations
3BS6ERDL93LNM1SEUOECJ9Z97PKD6E	A936CO3HKNVSI	3S96KQ6I9NIWAJ1KG3R6J3M777UDTX	http://dig.isi.edu/ht/data/page/4C4B87FD0FE345A80619FD6B58A2750740403ECD/1422659493000/processed	0	no annotations
3BS6ERDL93LNM1SEUOECJ9Z97PKD6E	A936CO3HKNVSI	3S96KQ6I9NIWAJ1KG3R6J3M777UDTX	http://dig.isi.edu/ht/data/page/7965083AD59B69F5525B2FA8975B0A028023C769/1414408964000/processed	73	COLUMBIANS	Ethnicity/Origin
3BS6ERDL93LNM1SEUOECJ9Z97PKD6E	A936CO3HKNVSI	3S96KQ6I9NIWAJ1KG3R6J3M777UDTX	http://dig.isi.edu/ht/data/page/7965083AD59B69F5525B2FA8975B0A028023C769/1414408964000/processed	86	BRAZILIANS	Ethnicity/Origin
3BS6ERDL93LNM1SEUOECJ9Z97PKD6E	A936CO3HKNVSI	3S96KQ6I9NIWAJ1KG3R6J3M777UDTX	http://dig.isi.edu/ht/data/page/7965083AD59B69F5525B2FA8975B0A028023C769/1414408964000/processed	99	DOMINICANS	Ethnicity/Origin
3BS6ERDL93LNM1SEUOECJ9Z97PKD6E	A936CO3HKNVSI	3S96KQ6I9NIWAJ1KG3R6J3M777UDTX	http://dig.isi.edu/ht/data/page/7965083AD59B69F5525B2FA8975B0A028023C769/1414408964000/processed	111	 ITALIANS	Ethnicity/Origin
3BS6ERDL93LNM1SEUOECJ9Z97PKD6E	A936CO3HKNVSI	3S96KQ6I9NIWAJ1KG3R6J3M777UDTX	http://dig.isi.edu/ht/data/page/F6717507F3BD5FE7EDD1843FA73511EA0766F9BC/1425179524000/processed	0	no annotations
3BS6ERDL93LNM1SEUOECJ9Z97PKD6E	A936CO3HKNVSI	3S96KQ6I9NIWAJ1KG3R6J3M777UDTX	http://dig.isi.edu/ht/data/page/3DD839E0CDF2558863A6C00684A475D7C1CA55F8/1400666389000/processed	9	Lauren	Person name
3BS6ERDL93LNM1SEUOECJ9Z97PKD6E	A936CO3HKNVSI	3S96KQ6I9NIWAJ1KG3R6J3M777UDTX	http://dig.isi.edu/ht/data/page/6AB16EA362EA86AA5F315E9EC59F2F66A9A2D890/1408172544000/processed	18	CIDNEY	Person name
3BS6ERDL93LNM1SEUOECJ9Z97PKD6E	A936CO3HKNVSI	3S96KQ6I9NIWAJ1KG3R6J3M777UDTX	http://dig.isi.edu/ht/data/page/1F486DCB8D831C231E45CD88BAF7DFE33C918E48/1414480113000/processed	22	Nina 	Person name
3BS6ERDL93LNM1SEUOECJ9Z97PKD6E	A936CO3HKNVSI	3S96KQ6I9NIWAJ1KG3R6J3M777UDTX	http://dig.isi.edu/ht/data/page/741A3DE9BBEAF956C0CB21EB21066AB082F74805/1406687629000/processed	15	Jewels	Person name
3BS6ERDL93LNM1SEUOECJ9Z97PKD6E	A936CO3HKNVSI	3S96KQ6I9NIWAJ1KG3R6J3M777UDTX	http://dig.isi.edu/ht/data/page/55DD142AE6490EEE890A9E929D03B59287290B88/1423383624000/processed	0	no annotations
3BS6ERDL93LNM1SEUOECJ9Z97PKD6E	A936CO3HKNVSI	3S96KQ6I9NIWAJ1KG3R6J3M777UDTX	http://dig.isi.edu/ht/data/page/A3DA4BC64850EDDDC9F269173C67C645C539EA8D/1422037842000/processed	31	Mercantile Library of	Company name
3BS6ERDL93LNM1SEUOECJ9Z97PKD6E	A936CO3HKNVSI	3S96KQ6I9NIWAJ1KG3R6J3M777UDTX	emptyanswer
3PEG1BH7AE516JFJIWH7Y2GR5ZRKBI	A1Y10YJ5ZSMALG	3PDJHANYK6U7K1VA6M23ZE9RFRD6HP	http://dig.isi.edu/ht/data/page/D50D3A4E7BBE74079237AF10DED21EC632B13AEC/1400666468000/processed	23	Jamie	Person name
3PEG1BH7AE516JFJIWH7Y2GR5ZRKBI	A1Y10YJ5ZSMALG	3PDJHANYK6U7K1VA6M23ZE9RFRD6HP	http://dig.isi.edu/ht/data/page/D50D3A4E7BBE74079237AF10DED21EC632B13AEC/1400666468000/processed	57	Malaysia	Ethnicity/Origin
3PEG1BH7AE516JFJIWH7Y2GR5ZRKBI	A1Y10YJ5ZSMALG	3PDJHANYK6U7K1VA6M23ZE9RFRD6HP	http://dig.isi.edu/ht/data/page/D50D3A4E7BBE74079237AF10DED21EC632B13AEC/1400666468000/processed	166	long hair	Hair type
3PEG1BH7AE516JFJIWH7Y2GR5ZRKBI	A1Y10YJ5ZSMALG	3PDJHANYK6U7K1VA6M23ZE9RFRD6HP	http://dig.isi.edu/ht/data/page/D50D3A4E7BBE74079237AF10DED21EC632B13AEC/1400666468000/processed	182	brown	Eye color
3PEG1BH7AE516JFJIWH7Y2GR5ZRKBI	A1Y10YJ5ZSMALG	3PDJHANYK6U7K1VA6M23ZE9RFRD6HP	http://dig.isi.edu/ht/data/page/9AFB320D0701C4F8E9B2D48095BABFDD2D24D808/1416841195000/processed	377	Layla	Person name
3PEG1BH7AE516JFJIWH7Y2GR5ZRKBI	A1Y10YJ5ZSMALG	3PDJHANYK6U7K1VA6M23ZE9RFRD6HP	http://dig.isi.edu/ht/data/page/8C7E8FB1ED59D933B89E5321872046B4012C589F/1414076627000/processed	0	no annotations
3PEG1BH7AE516JFJIWH7Y2GR5ZRKBI	A1Y10YJ5ZSMALG	3PDJHANYK6U7K1VA6M23ZE9RFRD6HP	http://dig.isi.edu/ht/data/page/20A26F22816C2666BE402A2AA8A3B02D60FFE68E/1414105377000/processed	15	Jade	Person name
3PEG1BH7AE516JFJIWH7Y2GR5ZRKBI	A1Y10YJ5ZSMALG	3PDJHANYK6U7K1VA6M23ZE9RFRD6HP	http://dig.isi.edu/ht/data/page/4D0E517B43C0B0EA90A5F4B1FD30CAFEDB95215A/1417825600000/processed	0	no annotations
3PEG1BH7AE516JFJIWH7Y2GR5ZRKBI	A1Y10YJ5ZSMALG	3PDJHANYK6U7K1VA6M23ZE9RFRD6HP	http://dig.isi.edu/ht/data/page/45FA00644B5F7C8BDAD3022EF663A26AC35B3B44/1426836275000/processed	25	Lauren	Person name
3PEG1BH7AE516JFJIWH7Y2GR5ZRKBI	A1Y10YJ5ZSMALG	3PDJHANYK6U7K1VA6M23ZE9RFRD6HP	http://dig.isi.edu/ht/data/page/45FA00644B5F7C8BDAD3022EF663A26AC35B3B44/1426836275000/processed	217	Adult Finder	Company name
3PEG1BH7AE516JFJIWH7Y2GR5ZRKBI	A1Y10YJ5ZSMALG	3PDJHANYK6U7K1VA6M23ZE9RFRD6HP	http://dig.isi.edu/ht/data/page/5D3055D6BE12395A4B0C74EF4E50340EC6C4D742/1419056667000/processed	0	no annotations
3PEG1BH7AE516JFJIWH7Y2GR5ZRKBI	A1Y10YJ5ZSMALG	3PDJHANYK6U7K1VA6M23ZE9RFRD6HP	http://dig.isi.edu/ht/data/page/C48915A7EFD3F75B511CA3F5D9BA252B4068A493/1406095723000/processed	0	no annotations
3PEG1BH7AE516JFJIWH7Y2GR5ZRKBI	A1Y10YJ5ZSMALG	3PDJHANYK6U7K1VA6M23ZE9RFRD6HP	http://dig.isi.edu/ht/data/page/4071AB5C63EA3D451CCDEA4E959C2C8423CA4CDC/1419931459000/processed	0	no annotations
3PEG1BH7AE516JFJIWH7Y2GR5ZRKBI	A1Y10YJ5ZSMALG	3PDJHANYK6U7K1VA6M23ZE9RFRD6HP	emptyanswer
3PEG1BH7AE516JFJIWH7Y2GR5ZRKBI	A6LILYEG29KD0	3SB5N7Y3O4IY6UEKKR445DNZNODG0Y	http://dig.isi.edu/ht/data/page/808E49CC89402B706244530D478CA1CD4FA74EBB/1419451493000/processed	0	no annotations
3PEG1BH7AE516JFJIWH7Y2GR5ZRKBI	A6LILYEG29KD0	3SB5N7Y3O4IY6UEKKR445DNZNODG0Y	http://dig.isi.edu/ht/data/page/D50D3A4E7BBE74079237AF10DED21EC632B13AEC/1400666468000/processed	23	Jamie	Person name
3PEG1BH7AE516JFJIWH7Y2GR5ZRKBI	A6LILYEG29KD0	3SB5N7Y3O4IY6UEKKR445DNZNODG0Y	http://dig.isi.edu/ht/data/page/D50D3A4E7BBE74079237AF10DED21EC632B13AEC/1400666468000/processed	57	Malaysia	Ethnicity/Origin
3PEG1BH7AE516JFJIWH7Y2GR5ZRKBI	A6LILYEG29KD0	3SB5N7Y3O4IY6UEKKR445DNZNODG0Y	http://dig.isi.edu/ht/data/page/D50D3A4E7BBE74079237AF10DED21EC632B13AEC/1400666468000/processed	182	brown	Eye color
3PEG1BH7AE516JFJIWH7Y2GR5ZRKBI	A6LILYEG29KD0	3SB5N7Y3O4IY6UEKKR445DNZNODG0Y	http://dig.isi.edu/ht/data/page/D50D3A4E7BBE74079237AF10DED21EC632B13AEC/1400666468000/processed	166	long	Hair type
3PEG1BH7AE516JFJIWH7Y2GR5ZRKBI	A6LILYEG29KD0	3SB5N7Y3O4IY6UEKKR445DNZNODG0Y	http://dig.isi.edu/ht/data/page/9AFB320D0701C4F8E9B2D48095BABFDD2D24D808/1416841195000/processed	181	MIXED	Ethnicity/Origin
3PEG1BH7AE516JFJIWH7Y2GR5ZRKBI	A6LILYEG29KD0	3SB5N7Y3O4IY6UEKKR445DNZNODG0Y	http://dig.isi.edu/ht/data/page/9AFB320D0701C4F8E9B2D48095BABFDD2D24D808/1416841195000/processed	377	Layla	Person name
3PEG1BH7AE516JFJIWH7Y2GR5ZRKBI	A6LILYEG29KD0	3SB5N7Y3O4IY6UEKKR445DNZNODG0Y	http://dig.isi.edu/ht/data/page/8C7E8FB1ED59D933B89E5321872046B4012C589F/1414076627000/processed	0	no annotations
3PEG1BH7AE516JFJIWH7Y2GR5ZRKBI	A6LILYEG29KD0	3SB5N7Y3O4IY6UEKKR445DNZNODG0Y	http://dig.isi.edu/ht/data/page/20A26F22816C2666BE402A2AA8A3B02D60FFE68E/1414105377000/processed	15	Jade	Person name
3PEG1BH7AE516JFJIWH7Y2GR5ZRKBI	A6LILYEG29KD0	3SB5N7Y3O4IY6UEKKR445DNZNODG0Y	http://dig.isi.edu/ht/data/page/4D0E517B43C0B0EA90A5F4B1FD30CAFEDB95215A/1417825600000/processed	0	no annotations
3PEG1BH7AE516JFJIWH7Y2GR5ZRKBI	A6LILYEG29KD0	3SB5N7Y3O4IY6UEKKR445DNZNODG0Y	http://dig.isi.edu/ht/data/page/45FA00644B5F7C8BDAD3022EF663A26AC35B3B44/1426836275000/processed	25	Lauren	Person name
3PEG1BH7AE516JFJIWH7Y2GR5ZRKBI	A6LILYEG29KD0	3SB5N7Y3O4IY6UEKKR445DNZNODG0Y	http://dig.isi.edu/ht/data/page/5D3055D6BE12395A4B0C74EF4E50340EC6C4D742/1419056667000/processed	0	no annotations
3PEG1BH7AE516JFJIWH7Y2GR5ZRKBI	A6LILYEG29KD0	3SB5N7Y3O4IY6UEKKR445DNZNODG0Y	http://dig.isi.edu/ht/data/page/C48915A7EFD3F75B511CA3F5D9BA252B4068A493/1406095723000/processed	0	no annotations
3PEG1BH7AE516JFJIWH7Y2GR5ZRKBI	A6LILYEG29KD0	3SB5N7Y3O4IY6UEKKR445DNZNODG0Y	http://dig.isi.edu/ht/data/page/4071AB5C63EA3D451CCDEA4E959C2C8423CA4CDC/1419931459000/processed	30	Barcelona	Ethnicity/Origin
3PEG1BH7AE516JFJIWH7Y2GR5ZRKBI	A6LILYEG29KD0	3SB5N7Y3O4IY6UEKKR445DNZNODG0Y	http://dig.isi.edu/ht/data/page/4071AB5C63EA3D451CCDEA4E959C2C8423CA4CDC/1419931459000/processed	71	Paris	Ethnicity/Origin
3PEG1BH7AE516JFJIWH7Y2GR5ZRKBI	A6LILYEG29KD0	3SB5N7Y3O4IY6UEKKR445DNZNODG0Y	emptyanswer
3PEG1BH7AE516JFJIWH7Y2GR5ZRKBI	AYX4MW1B2HOM8	3YOH7BII0ALJ1HBJDFD8OY5IO18VK9	http://dig.isi.edu/ht/data/page/808E49CC89402B706244530D478CA1CD4FA74EBB/1419451493000/processed	0	no annotations
3PEG1BH7AE516JFJIWH7Y2GR5ZRKBI	AYX4MW1B2HOM8	3YOH7BII0ALJ1HBJDFD8OY5IO18VK9	http://dig.isi.edu/ht/data/page/D50D3A4E7BBE74079237AF10DED21EC632B13AEC/1400666468000/processed	23	Jamie	Person name
3PEG1BH7AE516JFJIWH7Y2GR5ZRKBI	AYX4MW1B2HOM8	3YOH7BII0ALJ1HBJDFD8OY5IO18VK9	http://dig.isi.edu/ht/data/page/D50D3A4E7BBE74079237AF10DED21EC632B13AEC/1400666468000/processed	57	Malaysia 	Ethnicity/Origin
3PEG1BH7AE516JFJIWH7Y2GR5ZRKBI	AYX4MW1B2HOM8	3YOH7BII0ALJ1HBJDFD8OY5IO18VK9	http://dig.isi.edu/ht/data/page/D50D3A4E7BBE74079237AF10DED21EC632B13AEC/1400666468000/processed	166	long hair	Hair type
3PEG1BH7AE516JFJIWH7Y2GR5ZRKBI	AYX4MW1B2HOM8	3YOH7BII0ALJ1HBJDFD8OY5IO18VK9	http://dig.isi.edu/ht/data/page/D50D3A4E7BBE74079237AF10DED21EC632B13AEC/1400666468000/processed	182	brown eyes	Eye color
3PEG1BH7AE516JFJIWH7Y2GR5ZRKBI	AYX4MW1B2HOM8	3YOH7BII0ALJ1HBJDFD8OY5IO18VK9	http://dig.isi.edu/ht/data/page/9AFB320D0701C4F8E9B2D48095BABFDD2D24D808/1416841195000/processed	377	Layla	Person name
3PEG1BH7AE516JFJIWH7Y2GR5ZRKBI	AYX4MW1B2HOM8	3YOH7BII0ALJ1HBJDFD8OY5IO18VK9	http://dig.isi.edu/ht/data/page/8C7E8FB1ED59D933B89E5321872046B4012C589F/1414076627000/processed	0	no annotations
3PEG1BH7AE516JFJIWH7Y2GR5ZRKBI	AYX4MW1B2HOM8	3YOH7BII0ALJ1HBJDFD8OY5IO18VK9	http://dig.isi.edu/ht/data/page/20A26F22816C2666BE402A2AA8A3B02D60FFE68E/1414105377000/processed	15	Jade	Person name
3PEG1BH7AE516JFJIWH7Y2GR5ZRKBI	AYX4MW1B2HOM8	3YOH7BII0ALJ1HBJDFD8OY5IO18VK9	http://dig.isi.edu/ht/data/page/4D0E517B43C0B0EA90A5F4B1FD30CAFEDB95215A/1417825600000/processed	0	no annotations
3PEG1BH7AE516JFJIWH7Y2GR5ZRKBI	AYX4MW1B2HOM8	3YOH7BII0ALJ1HBJDFD8OY5IO18VK9	http://dig.isi.edu/ht/data/page/45FA00644B5F7C8BDAD3022EF663A26AC35B3B44/1426836275000/processed	25	Lauren	Person name
3PEG1BH7AE516JFJIWH7Y2GR5ZRKBI	AYX4MW1B2HOM8	3YOH7BII0ALJ1HBJDFD8OY5IO18VK9	http://dig.isi.edu/ht/data/page/5D3055D6BE12395A4B0C74EF4E50340EC6C4D742/1419056667000/processed	0	no annotations
3PEG1BH7AE516JFJIWH7Y2GR5ZRKBI	AYX4MW1B2HOM8	3YOH7BII0ALJ1HBJDFD8OY5IO18VK9	http://dig.isi.edu/ht/data/page/C48915A7EFD3F75B511CA3F5D9BA252B4068A493/1406095723000/processed	0	no annotations
3PEG1BH7AE516JFJIWH7Y2GR5ZRKBI	AYX4MW1B2HOM8	3YOH7BII0ALJ1HBJDFD8OY5IO18VK9	http://dig.isi.edu/ht/data/page/4071AB5C63EA3D451CCDEA4E959C2C8423CA4CDC/1419931459000/processed	0	no annotations
3PEG1BH7AE516JFJIWH7Y2GR5ZRKBI	AYX4MW1B2HOM8	3YOH7BII0ALJ1HBJDFD8OY5IO18VK9	emptyanswer
3SMIWMMK61J7XII671H5R32AHR7UW5	A6LILYEG29KD0	3TXD01ZLD5VYA0XGNXGNLVE3D86U4Q	http://dig.isi.edu/ht/data/page/583B3800D0F3B3538287821F416DE6AB662E080E/1424406609000/processed	27	 Lola	Person name
3SMIWMMK61J7XII671H5R32AHR7UW5	A6LILYEG29KD0	3TXD01ZLD5VYA0XGNXGNLVE3D86U4Q	http://dig.isi.edu/ht/data/page/749D6781DBF5C7339728B5B1FCE1A8CA94B38D32/1400667737000/processed	0	no annotations
3SMIWMMK61J7XII671H5R32AHR7UW5	A6LILYEG29KD0	3TXD01ZLD5VYA0XGNXGNLVE3D86U4Q	http://dig.isi.edu/ht/data/page/9292737BFCC30CAC4FFB743333DD53C4729B5815/1407588093000/processed	9	 JAPANESE	Ethnicity/Origin
3SMIWMMK61J7XII671H5R32AHR7UW5	A6LILYEG29KD0	3TXD01ZLD5VYA0XGNXGNLVE3D86U4Q	http://dig.isi.edu/ht/data/page/458944E5977E9221E3564EC0E010C853E9C7264A/1420502525000/processed	10	Meka	Person name
3SMIWMMK61J7XII671H5R32AHR7UW5	A6LILYEG29KD0	3TXD01ZLD5VYA0XGNXGNLVE3D86U4Q	http://dig.isi.edu/ht/data/page/D6D960456AD20F3B6530618CC27C677D25525AC9/1399063713000/processed	8	Ciara	Person name
3SMIWMMK61J7XII671H5R32AHR7UW5	A6LILYEG29KD0	3TXD01ZLD5VYA0XGNXGNLVE3D86U4Q	http://dig.isi.edu/ht/data/page/BB34DAEFDA1CCBB47AA869F45FD5CA4676BA4BC6/1407238602000/processed	67	Roxanne	Person name
3SMIWMMK61J7XII671H5R32AHR7UW5	A6LILYEG29KD0	3TXD01ZLD5VYA0XGNXGNLVE3D86U4Q	http://dig.isi.edu/ht/data/page/BB34DAEFDA1CCBB47AA869F45FD5CA4676BA4BC6/1407238602000/processed	91	Trinidad &Tabago;	Ethnicity/Origin
3SMIWMMK61J7XII671H5R32AHR7UW5	A6LILYEG29KD0	3TXD01ZLD5VYA0XGNXGNLVE3D86U4Q	http://dig.isi.edu/ht/data/page/D19CE244CC6D78E7A82B2F85E9D01C347A38B692/1418324913000/processed	16	trina	Person name
3SMIWMMK61J7XII671H5R32AHR7UW5	A6LILYEG29KD0	3TXD01ZLD5VYA0XGNXGNLVE3D86U4Q	http://dig.isi.edu/ht/data/page/D19CE244CC6D78E7A82B2F85E9D01C347A38B692/1418324913000/processed	405	trina	Person name
3SMIWMMK61J7XII671H5R32AHR7UW5	A6LILYEG29KD0	3TXD01ZLD5VYA0XGNXGNLVE3D86U4Q	http://dig.isi.edu/ht/data/page/B68512CF0607528ECDD4ADB96C4AD098DB70D9F7/1400984246000/processed	34	Corrie	Person name
3SMIWMMK61J7XII671H5R32AHR7UW5	A6LILYEG29KD0	3TXD01ZLD5VYA0XGNXGNLVE3D86U4Q	http://dig.isi.edu/ht/data/page/B68512CF0607528ECDD4ADB96C4AD098DB70D9F7/1400984246000/processed	182	Cali	Ethnicity/Origin
3SMIWMMK61J7XII671H5R32AHR7UW5	A6LILYEG29KD0	3TXD01ZLD5VYA0XGNXGNLVE3D86U4Q	http://dig.isi.edu/ht/data/page/B68512CF0607528ECDD4ADB96C4AD098DB70D9F7/1400984246000/processed	470	Corrie	Person name
3SMIWMMK61J7XII671H5R32AHR7UW5	A6LILYEG29KD0	3TXD01ZLD5VYA0XGNXGNLVE3D86U4Q	http://dig.isi.edu/ht/data/page/6F1B161B788C7F5B4757AF7E48AF45C8D8606A5B/1426042349000/processed	54	Latinas	Ethnicity/Origin
3SMIWMMK61J7XII671H5R32AHR7UW5	A6LILYEG29KD0	3TXD01ZLD5VYA0XGNXGNLVE3D86U4Q	http://dig.isi.edu/ht/data/page/6F1B161B788C7F5B4757AF7E48AF45C8D8606A5B/1426042349000/processed	1	D &G; THERAPY	Company name
3SMIWMMK61J7XII671H5R32AHR7UW5	A6LILYEG29KD0	3TXD01ZLD5VYA0XGNXGNLVE3D86U4Q	http://dig.isi.edu/ht/data/page/609C5866D8F16DCFE1D3A979301CD17CC26012C2/1408155684000/processed	0	no annotations
3SMIWMMK61J7XII671H5R32AHR7UW5	A6LILYEG29KD0	3TXD01ZLD5VYA0XGNXGNLVE3D86U4Q	emptyanswer
3SMIWMMK61J7XII671H5R32AHR7UW5	ASWUY9PLO6YVN	3LEIZ60CDKDGT5X2AFBMJV4Y1I0Z9H	http://dig.isi.edu/ht/data/page/583B3800D0F3B3538287821F416DE6AB662E080E/1424406609000/processed	28	Lola	Person name
3SMIWMMK61J7XII671H5R32AHR7UW5	ASWUY9PLO6YVN	3LEIZ60CDKDGT5X2AFBMJV4Y1I0Z9H	http://dig.isi.edu/ht/data/page/583B3800D0F3B3538287821F416DE6AB662E080E/1424406609000/processed	7	Newark	Person name
3SMIWMMK61J7XII671H5R32AHR7UW5	ASWUY9PLO6YVN	3LEIZ60CDKDGT5X2AFBMJV4Y1I0Z9H	http://dig.isi.edu/ht/data/page/749D6781DBF5C7339728B5B1FCE1A8CA94B38D32/1400667737000/processed	556	SweetsCandy	Person name
3SMIWMMK61J7XII671H5R32AHR7UW5	ASWUY9PLO6YVN	3LEIZ60CDKDGT5X2AFBMJV4Y1I0Z9H	http://dig.isi.edu/ht/data/page/9292737BFCC30CAC4FFB743333DD53C4729B5815/1407588093000/processed	10	JAPANESE	Ethnicity/Origin
3SMIWMMK61J7XII671H5R32AHR7UW5	ASWUY9PLO6YVN	3LEIZ60CDKDGT5X2AFBMJV4Y1I0Z9H	http://dig.isi.edu/ht/data/page/458944E5977E9221E3564EC0E010C853E9C7264A/1420502525000/processed	10	Meka	Person name
3SMIWMMK61J7XII671H5R32AHR7UW5	ASWUY9PLO6YVN	3LEIZ60CDKDGT5X2AFBMJV4Y1I0Z9H	http://dig.isi.edu/ht/data/page/D6D960456AD20F3B6530618CC27C677D25525AC9/1399063713000/processed	8	Ciara	Person name
3SMIWMMK61J7XII671H5R32AHR7UW5	ASWUY9PLO6YVN	3LEIZ60CDKDGT5X2AFBMJV4Y1I0Z9H	http://dig.isi.edu/ht/data/page/BB34DAEFDA1CCBB47AA869F45FD5CA4676BA4BC6/1407238602000/processed	67	Roxanne	Person name
3SMIWMMK61J7XII671H5R32AHR7UW5	ASWUY9PLO6YVN	3LEIZ60CDKDGT5X2AFBMJV4Y1I0Z9H	http://dig.isi.edu/ht/data/page/BB34DAEFDA1CCBB47AA869F45FD5CA4676BA4BC6/1407238602000/processed	91	Trinidad &Tabago;	Ethnicity/Origin
3SMIWMMK61J7XII671H5R32AHR7UW5	ASWUY9PLO6YVN	3LEIZ60CDKDGT5X2AFBMJV4Y1I0Z9H	http://dig.isi.edu/ht/data/page/BB34DAEFDA1CCBB47AA869F45FD5CA4676BA4BC6/1407238602000/processed	115	CostaRicaN	Ethnicity/Origin
3SMIWMMK61J7XII671H5R32AHR7UW5	ASWUY9PLO6YVN	3LEIZ60CDKDGT5X2AFBMJV4Y1I0Z9H	http://dig.isi.edu/ht/data/page/D19CE244CC6D78E7A82B2F85E9D01C347A38B692/1418324913000/processed	16	trina	Person name
3SMIWMMK61J7XII671H5R32AHR7UW5	ASWUY9PLO6YVN	3LEIZ60CDKDGT5X2AFBMJV4Y1I0Z9H	http://dig.isi.edu/ht/data/page/D19CE244CC6D78E7A82B2F85E9D01C347A38B692/1418324913000/processed	405	trina	Person name
3SMIWMMK61J7XII671H5R32AHR7UW5	ASWUY9PLO6YVN	3LEIZ60CDKDGT5X2AFBMJV4Y1I0Z9H	http://dig.isi.edu/ht/data/page/B68512CF0607528ECDD4ADB96C4AD098DB70D9F7/1400984246000/processed	34	Corrie	Person name
3SMIWMMK61J7XII671H5R32AHR7UW5	ASWUY9PLO6YVN	3LEIZ60CDKDGT5X2AFBMJV4Y1I0Z9H	http://dig.isi.edu/ht/data/page/B68512CF0607528ECDD4ADB96C4AD098DB70D9F7/1400984246000/processed	182	Cali	Ethnicity/Origin
3SMIWMMK61J7XII671H5R32AHR7UW5	ASWUY9PLO6YVN	3LEIZ60CDKDGT5X2AFBMJV4Y1I0Z9H	http://dig.isi.edu/ht/data/page/B68512CF0607528ECDD4ADB96C4AD098DB70D9F7/1400984246000/processed	470	Corrie	Person name
3SMIWMMK61J7XII671H5R32AHR7UW5	ASWUY9PLO6YVN	3LEIZ60CDKDGT5X2AFBMJV4Y1I0Z9H	http://dig.isi.edu/ht/data/page/6F1B161B788C7F5B4757AF7E48AF45C8D8606A5B/1426042349000/processed	54	Latinas	Ethnicity/Origin
3SMIWMMK61J7XII671H5R32AHR7UW5	ASWUY9PLO6YVN	3LEIZ60CDKDGT5X2AFBMJV4Y1I0Z9H	http://dig.isi.edu/ht/data/page/609C5866D8F16DCFE1D3A979301CD17CC26012C2/1408155684000/processed	321	african americans	Ethnicity/Origin
3SMIWMMK61J7XII671H5R32AHR7UW5	ASWUY9PLO6YVN	3LEIZ60CDKDGT5X2AFBMJV4Y1I0Z9H	emptyanswer
3SMIWMMK61J7XII671H5R32AHR7UW5	A1OUXKQER671RA	3RXPCZQMQQPYDJZ2GA84JI69SGJ1GM	http://dig.isi.edu/ht/data/page/583B3800D0F3B3538287821F416DE6AB662E080E/1424406609000/processed	28	Lola	Person name
3SMIWMMK61J7XII671H5R32AHR7UW5	A1OUXKQER671RA	3RXPCZQMQQPYDJZ2GA84JI69SGJ1GM	http://dig.isi.edu/ht/data/page/749D6781DBF5C7339728B5B1FCE1A8CA94B38D32/1400667737000/processed	476	Finder	Company name
3SMIWMMK61J7XII671H5R32AHR7UW5	A1OUXKQER671RA	3RXPCZQMQQPYDJZ2GA84JI69SGJ1GM	http://dig.isi.edu/ht/data/page/749D6781DBF5C7339728B5B1FCE1A8CA94B38D32/1400667737000/processed	470	Adult	Company name
3SMIWMMK61J7XII671H5R32AHR7UW5	A1OUXKQER671RA	3RXPCZQMQQPYDJZ2GA84JI69SGJ1GM	http://dig.isi.edu/ht/data/page/9292737BFCC30CAC4FFB743333DD53C4729B5815/1407588093000/processed	10	JAPANESE	Ethnicity/Origin
3SMIWMMK61J7XII671H5R32AHR7UW5	A1OUXKQER671RA	3RXPCZQMQQPYDJZ2GA84JI69SGJ1GM	http://dig.isi.edu/ht/data/page/458944E5977E9221E3564EC0E010C853E9C7264A/1420502525000/processed	10	Meka	Person name
3SMIWMMK61J7XII671H5R32AHR7UW5	A1OUXKQER671RA	3RXPCZQMQQPYDJZ2GA84JI69SGJ1GM	http://dig.isi.edu/ht/data/page/D6D960456AD20F3B6530618CC27C677D25525AC9/1399063713000/processed	8	Ciara	Person name
3SMIWMMK61J7XII671H5R32AHR7UW5	A1OUXKQER671RA	3RXPCZQMQQPYDJZ2GA84JI69SGJ1GM	http://dig.isi.edu/ht/data/page/BB34DAEFDA1CCBB47AA869F45FD5CA4676BA4BC6/1407238602000/processed	67	Roxanne	Person name
3SMIWMMK61J7XII671H5R32AHR7UW5	A1OUXKQER671RA	3RXPCZQMQQPYDJZ2GA84JI69SGJ1GM	http://dig.isi.edu/ht/data/page/BB34DAEFDA1CCBB47AA869F45FD5CA4676BA4BC6/1407238602000/processed	91	Trinidad	Ethnicity/Origin
3SMIWMMK61J7XII671H5R32AHR7UW5	A1OUXKQER671RA	3RXPCZQMQQPYDJZ2GA84JI69SGJ1GM	http://dig.isi.edu/ht/data/page/BB34DAEFDA1CCBB47AA869F45FD5CA4676BA4BC6/1407238602000/processed	100	&Tabago;	Ethnicity/Origin
3SMIWMMK61J7XII671H5R32AHR7UW5	A1OUXKQER671RA	3RXPCZQMQQPYDJZ2GA84JI69SGJ1GM	http://dig.isi.edu/ht/data/page/BB34DAEFDA1CCBB47AA869F45FD5CA4676BA4BC6/1407238602000/processed	115	CostaRicaN	Ethnicity/Origin
3SMIWMMK61J7XII671H5R32AHR7UW5	A1OUXKQER671RA	3RXPCZQMQQPYDJZ2GA84JI69SGJ1GM	http://dig.isi.edu/ht/data/page/D19CE244CC6D78E7A82B2F85E9D01C347A38B692/1418324913000/processed	16	trina	Person name
3SMIWMMK61J7XII671H5R32AHR7UW5	A1OUXKQER671RA	3RXPCZQMQQPYDJZ2GA84JI69SGJ1GM	http://dig.isi.edu/ht/data/page/D19CE244CC6D78E7A82B2F85E9D01C347A38B692/1418324913000/processed	405	trina	Person name
3SMIWMMK61J7XII671H5R32AHR7UW5	A1OUXKQER671RA	3RXPCZQMQQPYDJZ2GA84JI69SGJ1GM	http://dig.isi.edu/ht/data/page/B68512CF0607528ECDD4ADB96C4AD098DB70D9F7/1400984246000/processed	470	Corrie	Person name
3SMIWMMK61J7XII671H5R32AHR7UW5	A1OUXKQER671RA	3RXPCZQMQQPYDJZ2GA84JI69SGJ1GM	http://dig.isi.edu/ht/data/page/B68512CF0607528ECDD4ADB96C4AD098DB70D9F7/1400984246000/processed	34	Corrie	Person name
3SMIWMMK61J7XII671H5R32AHR7UW5	A1OUXKQER671RA	3RXPCZQMQQPYDJZ2GA84JI69SGJ1GM	http://dig.isi.edu/ht/data/page/6F1B161B788C7F5B4757AF7E48AF45C8D8606A5B/1426042349000/processed	54	Latinas	Ethnicity/Origin
3SMIWMMK61J7XII671H5R32AHR7UW5	A1OUXKQER671RA	3RXPCZQMQQPYDJZ2GA84JI69SGJ1GM	http://dig.isi.edu/ht/data/page/609C5866D8F16DCFE1D3A979301CD17CC26012C2/1408155684000/processed	0	no annotations
3SMIWMMK61J7XII671H5R32AHR7UW5	A1OUXKQER671RA	3RXPCZQMQQPYDJZ2GA84JI69SGJ1GM	emptyanswer
3Y40HMYLL1WMMINWH6DRTMGHQTDUXY	A1Y10YJ5ZSMALG	3Q5C1WP23NF0XMAIZEPDFLFK274517	http://dig.isi.edu/ht/data/page/80DFE5AD7C38CC9FD3A858AA5B9E51F7E05B7CBD/1414402752000/processed	204	Samantha	Person name
3Y40HMYLL1WMMINWH6DRTMGHQTDUXY	A1Y10YJ5ZSMALG	3Q5C1WP23NF0XMAIZEPDFLFK274517	http://dig.isi.edu/ht/data/page/5D0767C7BBE595A1520C018D8D7B1EFBE01130EC/1426041707000/processed	81	ASIAN	Ethnicity/Origin
3Y40HMYLL1WMMINWH6DRTMGHQTDUXY	A1Y10YJ5ZSMALG	3Q5C1WP23NF0XMAIZEPDFLFK274517	http://dig.isi.edu/ht/data/page/8B641AC49B6CD1844A09CE989466F933FC30E2F9/1400703234000/processed	32	Sara	Person name
3Y40HMYLL1WMMINWH6DRTMGHQTDUXY	A1Y10YJ5ZSMALG	3Q5C1WP23NF0XMAIZEPDFLFK274517	http://dig.isi.edu/ht/data/page/8B641AC49B6CD1844A09CE989466F933FC30E2F9/1400703234000/processed	57	Taiwanese	Ethnicity/Origin
3Y40HMYLL1WMMINWH6DRTMGHQTDUXY	A1Y10YJ5ZSMALG	3Q5C1WP23NF0XMAIZEPDFLFK274517	http://dig.isi.edu/ht/data/page/8B641AC49B6CD1844A09CE989466F933FC30E2F9/1400703234000/processed	188	soft brown hair	Hair type
3Y40HMYLL1WMMINWH6DRTMGHQTDUXY	A1Y10YJ5ZSMALG	3Q5C1WP23NF0XMAIZEPDFLFK274517	http://dig.isi.edu/ht/data/page/8B641AC49B6CD1844A09CE989466F933FC30E2F9/1400703234000/processed	208	brown	Eye color
3Y40HMYLL1WMMINWH6DRTMGHQTDUXY	A1Y10YJ5ZSMALG	3Q5C1WP23NF0XMAIZEPDFLFK274517	http://dig.isi.edu/ht/data/page/9E49AB100EEB9B8F13C46C139A52E624E6C8F473/1405622561000/processed	15	japanese	Ethnicity/Origin
3Y40HMYLL1WMMINWH6DRTMGHQTDUXY	A1Y10YJ5ZSMALG	3Q5C1WP23NF0XMAIZEPDFLFK274517	http://dig.isi.edu/ht/data/page/9E49AB100EEB9B8F13C46C139A52E624E6C8F473/1405622561000/processed	40	asian	Ethnicity/Origin
3Y40HMYLL1WMMINWH6DRTMGHQTDUXY	A1Y10YJ5ZSMALG	3Q5C1WP23NF0XMAIZEPDFLFK274517	http://dig.isi.edu/ht/data/page/5EFD1FA57DB67960D4F29CF025B4227F1E9A7B6D/1421834144000/processed	6	lightskinned mixed	Ethnicity/Origin
3Y40HMYLL1WMMINWH6DRTMGHQTDUXY	A1Y10YJ5ZSMALG	3Q5C1WP23NF0XMAIZEPDFLFK274517	http://dig.isi.edu/ht/data/page/7D87B9B8C09BCB2696ACB06BD72F8FDD46E22F97/1400728087000/processed	0	no annotations
3Y40HMYLL1WMMINWH6DRTMGHQTDUXY	A1Y10YJ5ZSMALG	3Q5C1WP23NF0XMAIZEPDFLFK274517	http://dig.isi.edu/ht/data/page/C3F69DBEC0805A6F4A6F14772C866EFDEECA3EA7/1401200608000/processed	15	Sabrinna	Person name
3Y40HMYLL1WMMINWH6DRTMGHQTDUXY	A1Y10YJ5ZSMALG	3Q5C1WP23NF0XMAIZEPDFLFK274517	http://dig.isi.edu/ht/data/page/26611C824F6ECC1509B39308E0E82B1CED25EECB/1399102194000/processed	50	SOFIA	Person name
3Y40HMYLL1WMMINWH6DRTMGHQTDUXY	A1Y10YJ5ZSMALG	3Q5C1WP23NF0XMAIZEPDFLFK274517	http://dig.isi.edu/ht/data/page/0F2F82CF74276F522D04BDBDD4DF67942FAF643E/1412896670000/processed	30	GENTLEMAN ' S CHOICE	Company name
3Y40HMYLL1WMMINWH6DRTMGHQTDUXY	A1Y10YJ5ZSMALG	3Q5C1WP23NF0XMAIZEPDFLFK274517	http://dig.isi.edu/ht/data/page/CED8ED7910D55E699FA08E1BEAAC098FC7556AAB/1425720129000/processed	0	no annotations
3Y40HMYLL1WMMINWH6DRTMGHQTDUXY	A1Y10YJ5ZSMALG	3Q5C1WP23NF0XMAIZEPDFLFK274517	emptyanswer
3Y40HMYLL1WMMINWH6DRTMGHQTDUXY	ASWUY9PLO6YVN	3QL2OFSM97WOAEQMJBAJQYYXXPWNC6	http://dig.isi.edu/ht/data/page/80DFE5AD7C38CC9FD3A858AA5B9E51F7E05B7CBD/1414402752000/processed	204	Samantha	Person name
3Y40HMYLL1WMMINWH6DRTMGHQTDUXY	ASWUY9PLO6YVN	3QL2OFSM97WOAEQMJBAJQYYXXPWNC6	http://dig.isi.edu/ht/data/page/80DFE5AD7C38CC9FD3A858AA5B9E51F7E05B7CBD/1414402752000/processed	356	colombianos	Ethnicity/Origin
3Y40HMYLL1WMMINWH6DRTMGHQTDUXY	ASWUY9PLO6YVN	3QL2OFSM97WOAEQMJBAJQYYXXPWNC6	http://dig.isi.edu/ht/data/page/80DFE5AD7C38CC9FD3A858AA5B9E51F7E05B7CBD/1414402752000/processed	435	Morena	Hair type
3Y40HMYLL1WMMINWH6DRTMGHQTDUXY	ASWUY9PLO6YVN	3QL2OFSM97WOAEQMJBAJQYYXXPWNC6	http://dig.isi.edu/ht/data/page/5D0767C7BBE595A1520C018D8D7B1EFBE01130EC/1426041707000/processed	80	 	Ethnicity/Origin
3Y40HMYLL1WMMINWH6DRTMGHQTDUXY	ASWUY9PLO6YVN	3QL2OFSM97WOAEQMJBAJQYYXXPWNC6	http://dig.isi.edu/ht/data/page/8B641AC49B6CD1844A09CE989466F933FC30E2F9/1400703234000/processed	32	Sara	Person name
3Y40HMYLL1WMMINWH6DRTMGHQTDUXY	ASWUY9PLO6YVN	3QL2OFSM97WOAEQMJBAJQYYXXPWNC6	http://dig.isi.edu/ht/data/page/8B641AC49B6CD1844A09CE989466F933FC30E2F9/1400703234000/processed	57	Taiwanese	Ethnicity/Origin
3Y40HMYLL1WMMINWH6DRTMGHQTDUXY	ASWUY9PLO6YVN	3QL2OFSM97WOAEQMJBAJQYYXXPWNC6	http://dig.isi.edu/ht/data/page/8B641AC49B6CD1844A09CE989466F933FC30E2F9/1400703234000/processed	188	soft brown	Hair type
3Y40HMYLL1WMMINWH6DRTMGHQTDUXY	ASWUY9PLO6YVN	3QL2OFSM97WOAEQMJBAJQYYXXPWNC6	http://dig.isi.edu/ht/data/page/8B641AC49B6CD1844A09CE989466F933FC30E2F9/1400703234000/processed	367	Taiwanese	Ethnicity/Origin
3Y40HMYLL1WMMINWH6DRTMGHQTDUXY	ASWUY9PLO6YVN	3QL2OFSM97WOAEQMJBAJQYYXXPWNC6	http://dig.isi.edu/ht/data/page/8B641AC49B6CD1844A09CE989466F933FC30E2F9/1400703234000/processed	377	Sara972	Person name
3Y40HMYLL1WMMINWH6DRTMGHQTDUXY	ASWUY9PLO6YVN	3QL2OFSM97WOAEQMJBAJQYYXXPWNC6	http://dig.isi.edu/ht/data/page/8B641AC49B6CD1844A09CE989466F933FC30E2F9/1400703234000/processed	208	brown	Eye color
3Y40HMYLL1WMMINWH6DRTMGHQTDUXY	ASWUY9PLO6YVN	3QL2OFSM97WOAEQMJBAJQYYXXPWNC6	http://dig.isi.edu/ht/data/page/9E49AB100EEB9B8F13C46C139A52E624E6C8F473/1405622561000/processed	15	japanese	Ethnicity/Origin
3Y40HMYLL1WMMINWH6DRTMGHQTDUXY	ASWUY9PLO6YVN	3QL2OFSM97WOAEQMJBAJQYYXXPWNC6	http://dig.isi.edu/ht/data/page/9E49AB100EEB9B8F13C46C139A52E624E6C8F473/1405622561000/processed	40	asian	Ethnicity/Origin
3Y40HMYLL1WMMINWH6DRTMGHQTDUXY	ASWUY9PLO6YVN	3QL2OFSM97WOAEQMJBAJQYYXXPWNC6	http://dig.isi.edu/ht/data/page/5EFD1FA57DB67960D4F29CF025B4227F1E9A7B6D/1421834144000/processed	0	no annotations
3Y40HMYLL1WMMINWH6DRTMGHQTDUXY	ASWUY9PLO6YVN	3QL2OFSM97WOAEQMJBAJQYYXXPWNC6	http://dig.isi.edu/ht/data/page/7D87B9B8C09BCB2696ACB06BD72F8FDD46E22F97/1400728087000/processed	0	no annotations
3Y40HMYLL1WMMINWH6DRTMGHQTDUXY	ASWUY9PLO6YVN	3QL2OFSM97WOAEQMJBAJQYYXXPWNC6	http://dig.isi.edu/ht/data/page/C3F69DBEC0805A6F4A6F14772C866EFDEECA3EA7/1401200608000/processed	15	Sabrinna	Person name
3Y40HMYLL1WMMINWH6DRTMGHQTDUXY	ASWUY9PLO6YVN	3QL2OFSM97WOAEQMJBAJQYYXXPWNC6	http://dig.isi.edu/ht/data/page/C3F69DBEC0805A6F4A6F14772C866EFDEECA3EA7/1401200608000/processed	229	Sabrinna	Person name
3Y40HMYLL1WMMINWH6DRTMGHQTDUXY	ASWUY9PLO6YVN	3QL2OFSM97WOAEQMJBAJQYYXXPWNC6	http://dig.isi.edu/ht/data/page/26611C824F6ECC1509B39308E0E82B1CED25EECB/1399102194000/processed	16	Mumbai	Ethnicity/Origin
3Y40HMYLL1WMMINWH6DRTMGHQTDUXY	ASWUY9PLO6YVN	3QL2OFSM97WOAEQMJBAJQYYXXPWNC6	http://dig.isi.edu/ht/data/page/26611C824F6ECC1509B39308E0E82B1CED25EECB/1399102194000/processed	50	SOFIA	Person name
3Y40HMYLL1WMMINWH6DRTMGHQTDUXY	ASWUY9PLO6YVN	3QL2OFSM97WOAEQMJBAJQYYXXPWNC6	http://dig.isi.edu/ht/data/page/26611C824F6ECC1509B39308E0E82B1CED25EECB/1399102194000/processed	114	$ ophia	Person name
3Y40HMYLL1WMMINWH6DRTMGHQTDUXY	ASWUY9PLO6YVN	3QL2OFSM97WOAEQMJBAJQYYXXPWNC6	http://dig.isi.edu/ht/data/page/26611C824F6ECC1509B39308E0E82B1CED25EECB/1399102194000/processed	165	Mumbai	Ethnicity/Origin
3Y40HMYLL1WMMINWH6DRTMGHQTDUXY	ASWUY9PLO6YVN	3QL2OFSM97WOAEQMJBAJQYYXXPWNC6	http://dig.isi.edu/ht/data/page/26611C824F6ECC1509B39308E0E82B1CED25EECB/1399102194000/processed	223	SOPHIA	Person name
3Y40HMYLL1WMMINWH6DRTMGHQTDUXY	ASWUY9PLO6YVN	3QL2OFSM97WOAEQMJBAJQYYXXPWNC6	http://dig.isi.edu/ht/data/page/26611C824F6ECC1509B39308E0E82B1CED25EECB/1399102194000/processed	253	Mumbai	Ethnicity/Origin
3Y40HMYLL1WMMINWH6DRTMGHQTDUXY	ASWUY9PLO6YVN	3QL2OFSM97WOAEQMJBAJQYYXXPWNC6	http://dig.isi.edu/ht/data/page/26611C824F6ECC1509B39308E0E82B1CED25EECB/1399102194000/processed	452	Mumbai	Ethnicity/Origin
3Y40HMYLL1WMMINWH6DRTMGHQTDUXY	ASWUY9PLO6YVN	3QL2OFSM97WOAEQMJBAJQYYXXPWNC6	http://dig.isi.edu/ht/data/page/26611C824F6ECC1509B39308E0E82B1CED25EECB/1399102194000/processed	591	India	Ethnicity/Origin
3Y40HMYLL1WMMINWH6DRTMGHQTDUXY	ASWUY9PLO6YVN	3QL2OFSM97WOAEQMJBAJQYYXXPWNC6	http://dig.isi.edu/ht/data/page/26611C824F6ECC1509B39308E0E82B1CED25EECB/1399102194000/processed	734	Mumbai	Ethnicity/Origin
3Y40HMYLL1WMMINWH6DRTMGHQTDUXY	ASWUY9PLO6YVN	3QL2OFSM97WOAEQMJBAJQYYXXPWNC6	http://dig.isi.edu/ht/data/page/0F2F82CF74276F522D04BDBDD4DF67942FAF643E/1412896670000/processed	58	 	Ethnicity/Origin
3Y40HMYLL1WMMINWH6DRTMGHQTDUXY	ASWUY9PLO6YVN	3QL2OFSM97WOAEQMJBAJQYYXXPWNC6	emptyanswer
3Y40HMYLL1WMMINWH6DRTMGHQTDUXY	A936CO3HKNVSI	34J10VATJGC0QEPERDYM5VRXF56QI1	http://dig.isi.edu/ht/data/page/80DFE5AD7C38CC9FD3A858AA5B9E51F7E05B7CBD/1414402752000/processed	204	Samantha	Person name
3Y40HMYLL1WMMINWH6DRTMGHQTDUXY	A936CO3HKNVSI	34J10VATJGC0QEPERDYM5VRXF56QI1	http://dig.isi.edu/ht/data/page/5D0767C7BBE595A1520C018D8D7B1EFBE01130EC/1426041707000/processed	0	no annotations
3Y40HMYLL1WMMINWH6DRTMGHQTDUXY	A936CO3HKNVSI	34J10VATJGC0QEPERDYM5VRXF56QI1	http://dig.isi.edu/ht/data/page/8B641AC49B6CD1844A09CE989466F933FC30E2F9/1400703234000/processed	32	Sara 	Person name
3Y40HMYLL1WMMINWH6DRTMGHQTDUXY	A936CO3HKNVSI	34J10VATJGC0QEPERDYM5VRXF56QI1	http://dig.isi.edu/ht/data/page/8B641AC49B6CD1844A09CE989466F933FC30E2F9/1400703234000/processed	57	Taiwanese 	Ethnicity/Origin
3Y40HMYLL1WMMINWH6DRTMGHQTDUXY	A936CO3HKNVSI	34J10VATJGC0QEPERDYM5VRXF56QI1	http://dig.isi.edu/ht/data/page/8B641AC49B6CD1844A09CE989466F933FC30E2F9/1400703234000/processed	188	soft brown hair	Hair type
3Y40HMYLL1WMMINWH6DRTMGHQTDUXY	A936CO3HKNVSI	34J10VATJGC0QEPERDYM5VRXF56QI1	http://dig.isi.edu/ht/data/page/8B641AC49B6CD1844A09CE989466F933FC30E2F9/1400703234000/processed	213	 eyes 	Eye color
3Y40HMYLL1WMMINWH6DRTMGHQTDUXY	A936CO3HKNVSI	34J10VATJGC0QEPERDYM5VRXF56QI1	http://dig.isi.edu/ht/data/page/9E49AB100EEB9B8F13C46C139A52E624E6C8F473/1405622561000/processed	15	japanese	Ethnicity/Origin
3Y40HMYLL1WMMINWH6DRTMGHQTDUXY	A936CO3HKNVSI	34J10VATJGC0QEPERDYM5VRXF56QI1	http://dig.isi.edu/ht/data/page/5EFD1FA57DB67960D4F29CF025B4227F1E9A7B6D/1421834144000/processed	0	no annotations
3Y40HMYLL1WMMINWH6DRTMGHQTDUXY	A936CO3HKNVSI	34J10VATJGC0QEPERDYM5VRXF56QI1	http://dig.isi.edu/ht/data/page/7D87B9B8C09BCB2696ACB06BD72F8FDD46E22F97/1400728087000/processed	0	no annotations
3Y40HMYLL1WMMINWH6DRTMGHQTDUXY	A936CO3HKNVSI	34J10VATJGC0QEPERDYM5VRXF56QI1	http://dig.isi.edu/ht/data/page/C3F69DBEC0805A6F4A6F14772C866EFDEECA3EA7/1401200608000/processed	15	Sabrinna	Person name
3Y40HMYLL1WMMINWH6DRTMGHQTDUXY	A936CO3HKNVSI	34J10VATJGC0QEPERDYM5VRXF56QI1	http://dig.isi.edu/ht/data/page/26611C824F6ECC1509B39308E0E82B1CED25EECB/1399102194000/processed	16	Mumbai 	Ethnicity/Origin
3Y40HMYLL1WMMINWH6DRTMGHQTDUXY	A936CO3HKNVSI	34J10VATJGC0QEPERDYM5VRXF56QI1	http://dig.isi.edu/ht/data/page/26611C824F6ECC1509B39308E0E82B1CED25EECB/1399102194000/processed	50	SOFIA	Person name
3Y40HMYLL1WMMINWH6DRTMGHQTDUXY	A936CO3HKNVSI	34J10VATJGC0QEPERDYM5VRXF56QI1	http://dig.isi.edu/ht/data/page/0F2F82CF74276F522D04BDBDD4DF67942FAF643E/1412896670000/processed	0	no annotations
3Y40HMYLL1WMMINWH6DRTMGHQTDUXY	A936CO3HKNVSI	34J10VATJGC0QEPERDYM5VRXF56QI1	http://dig.isi.edu/ht/data/page/CED8ED7910D55E699FA08E1BEAAC098FC7556AAB/1425720129000/processed	0	no annotations
3Y40HMYLL1WMMINWH6DRTMGHQTDUXY	A936CO3HKNVSI	34J10VATJGC0QEPERDYM5VRXF56QI1	emptyanswer
3GMLHYZ0LEBBMND6M2ZTC0NQSZ7UY4	AASJVWHK4W9NT	3LEIZ60CDKDGT5X2AFBMJV4Y1I09ZR	http://dig.isi.edu/ht/data/page/218C27185A20D1BFD6DB5DEDE6961B5083D52302/1396820000000/processed	30	Zo	Person name
3GMLHYZ0LEBBMND6M2ZTC0NQSZ7UY4	AASJVWHK4W9NT	3LEIZ60CDKDGT5X2AFBMJV4Y1I09ZR	http://dig.isi.edu/ht/data/page/218C27185A20D1BFD6DB5DEDE6961B5083D52302/1396820000000/processed	312	 white	Ethnicity/Origin
3GMLHYZ0LEBBMND6M2ZTC0NQSZ7UY4	AASJVWHK4W9NT	3LEIZ60CDKDGT5X2AFBMJV4Y1I09ZR	http://dig.isi.edu/ht/data/page/218C27185A20D1BFD6DB5DEDE6961B5083D52302/1396820000000/processed	410	blue	Eye color
3GMLHYZ0LEBBMND6M2ZTC0NQSZ7UY4	AASJVWHK4W9NT	3LEIZ60CDKDGT5X2AFBMJV4Y1I09ZR	http://dig.isi.edu/ht/data/page/218C27185A20D1BFD6DB5DEDE6961B5083D52302/1396820000000/processed	452	Brunette	Hair type
3GMLHYZ0LEBBMND6M2ZTC0NQSZ7UY4	AASJVWHK4W9NT	3LEIZ60CDKDGT5X2AFBMJV4Y1I09ZR	http://dig.isi.edu/ht/data/page/B9D3057628B4E7CE5E0E6579991339515E0B5BBC/1400701824000/processed	9	Alexis	Person name
3GMLHYZ0LEBBMND6M2ZTC0NQSZ7UY4	AASJVWHK4W9NT	3LEIZ60CDKDGT5X2AFBMJV4Y1I09ZR	http://dig.isi.edu/ht/data/page/92F9A32606AA147757EFC76A8A1664F39A167175/1414519466000/processed	17	Kimmy	Person name
3GMLHYZ0LEBBMND6M2ZTC0NQSZ7UY4	AASJVWHK4W9NT	3LEIZ60CDKDGT5X2AFBMJV4Y1I09ZR	http://dig.isi.edu/ht/data/page/494D3A0CE70042726C7F9B8F754F30321E2A6B9C/1402483632000/processed	289	NANCY	Person name
3GMLHYZ0LEBBMND6M2ZTC0NQSZ7UY4	AASJVWHK4W9NT	3LEIZ60CDKDGT5X2AFBMJV4Y1I09ZR	http://dig.isi.edu/ht/data/page/F44D825C97F148C2832B59120C4601EFAB1FBD23/1425520806000/processed	111	kelly	Person name
3GMLHYZ0LEBBMND6M2ZTC0NQSZ7UY4	AASJVWHK4W9NT	3LEIZ60CDKDGT5X2AFBMJV4Y1I09ZR	http://dig.isi.edu/ht/data/page/F44D825C97F148C2832B59120C4601EFAB1FBD23/1425520806000/processed	404	kelly	Person name
3GMLHYZ0LEBBMND6M2ZTC0NQSZ7UY4	AASJVWHK4W9NT	3LEIZ60CDKDGT5X2AFBMJV4Y1I09ZR	http://dig.isi.edu/ht/data/page/2AFAC6BDEE086AD793E442FE080819D6BF0A3003/1400733838000/processed	26	Cindy	Person name
3GMLHYZ0LEBBMND6M2ZTC0NQSZ7UY4	AASJVWHK4W9NT	3LEIZ60CDKDGT5X2AFBMJV4Y1I09ZR	http://dig.isi.edu/ht/data/page/2AFAC6BDEE086AD793E442FE080819D6BF0A3003/1400733838000/processed	57	Asian	Ethnicity/Origin
3GMLHYZ0LEBBMND6M2ZTC0NQSZ7UY4	AASJVWHK4W9NT	3LEIZ60CDKDGT5X2AFBMJV4Y1I09ZR	http://dig.isi.edu/ht/data/page/2AFAC6BDEE086AD793E442FE080819D6BF0A3003/1400733838000/processed	75	black	Hair type
3GMLHYZ0LEBBMND6M2ZTC0NQSZ7UY4	AASJVWHK4W9NT	3LEIZ60CDKDGT5X2AFBMJV4Y1I09ZR	http://dig.isi.edu/ht/data/page/AAEC71E60651BDB7794FFC2A33444ECD58B8B803/1422042595000/processed	13	Indian	Ethnicity/Origin
3GMLHYZ0LEBBMND6M2ZTC0NQSZ7UY4	AASJVWHK4W9NT	3LEIZ60CDKDGT5X2AFBMJV4Y1I09ZR	http://dig.isi.edu/ht/data/page/AAEC71E60651BDB7794FFC2A33444ECD58B8B803/1422042595000/processed	22	Black	Ethnicity/Origin
3GMLHYZ0LEBBMND6M2ZTC0NQSZ7UY4	AASJVWHK4W9NT	3LEIZ60CDKDGT5X2AFBMJV4Y1I09ZR	emptyanswer
3GMLHYZ0LEBBMND6M2ZTC0NQSZ7UY4	A1Y10YJ5ZSMALG	3ZPBJO59KQF65AAPG9AH5KJJWDYDHM	http://dig.isi.edu/ht/data/page/218C27185A20D1BFD6DB5DEDE6961B5083D52302/1396820000000/processed	30	Zo	Person name
3GMLHYZ0LEBBMND6M2ZTC0NQSZ7UY4	A1Y10YJ5ZSMALG	3ZPBJO59KQF65AAPG9AH5KJJWDYDHM	http://dig.isi.edu/ht/data/page/218C27185A20D1BFD6DB5DEDE6961B5083D52302/1396820000000/processed	313	white	Ethnicity/Origin
3GMLHYZ0LEBBMND6M2ZTC0NQSZ7UY4	A1Y10YJ5ZSMALG	3ZPBJO59KQF65AAPG9AH5KJJWDYDHM	http://dig.isi.edu/ht/data/page/218C27185A20D1BFD6DB5DEDE6961B5083D52302/1396820000000/processed	410	blue	Eye color
3GMLHYZ0LEBBMND6M2ZTC0NQSZ7UY4	A1Y10YJ5ZSMALG	3ZPBJO59KQF65AAPG9AH5KJJWDYDHM	http://dig.isi.edu/ht/data/page/218C27185A20D1BFD6DB5DEDE6961B5083D52302/1396820000000/processed	452	Brunette	Hair type
3GMLHYZ0LEBBMND6M2ZTC0NQSZ7UY4	A1Y10YJ5ZSMALG	3ZPBJO59KQF65AAPG9AH5KJJWDYDHM	http://dig.isi.edu/ht/data/page/B9D3057628B4E7CE5E0E6579991339515E0B5BBC/1400701824000/processed	9	Alexis	Person name
3GMLHYZ0LEBBMND6M2ZTC0NQSZ7UY4	A1Y10YJ5ZSMALG	3ZPBJO59KQF65AAPG9AH5KJJWDYDHM	http://dig.isi.edu/ht/data/page/92F9A32606AA147757EFC76A8A1664F39A167175/1414519466000/processed	17	Kimmy	Person name
3GMLHYZ0LEBBMND6M2ZTC0NQSZ7UY4	A1Y10YJ5ZSMALG	3ZPBJO59KQF65AAPG9AH5KJJWDYDHM	http://dig.isi.edu/ht/data/page/494D3A0CE70042726C7F9B8F754F30321E2A6B9C/1402483632000/processed	289	NANCY	Person name
3GMLHYZ0LEBBMND6M2ZTC0NQSZ7UY4	A1Y10YJ5ZSMALG	3ZPBJO59KQF65AAPG9AH5KJJWDYDHM	http://dig.isi.edu/ht/data/page/5AB7A76B14B238CA5BCC294F1E316AFEF95B228E/1404851025000/processed	437	Adult Finder	Company name
3GMLHYZ0LEBBMND6M2ZTC0NQSZ7UY4	A1Y10YJ5ZSMALG	3ZPBJO59KQF65AAPG9AH5KJJWDYDHM	http://dig.isi.edu/ht/data/page/F44D825C97F148C2832B59120C4601EFAB1FBD23/1425520806000/processed	111	kelly	Person name
3GMLHYZ0LEBBMND6M2ZTC0NQSZ7UY4	A1Y10YJ5ZSMALG	3ZPBJO59KQF65AAPG9AH5KJJWDYDHM	http://dig.isi.edu/ht/data/page/2AFAC6BDEE086AD793E442FE080819D6BF0A3003/1400733838000/processed	26	Cindy	Person name
3GMLHYZ0LEBBMND6M2ZTC0NQSZ7UY4	A1Y10YJ5ZSMALG	3ZPBJO59KQF65AAPG9AH5KJJWDYDHM	http://dig.isi.edu/ht/data/page/2AFAC6BDEE086AD793E442FE080819D6BF0A3003/1400733838000/processed	57	Asian	Ethnicity/Origin
3GMLHYZ0LEBBMND6M2ZTC0NQSZ7UY4	A1Y10YJ5ZSMALG	3ZPBJO59KQF65AAPG9AH5KJJWDYDHM	http://dig.isi.edu/ht/data/page/2AFAC6BDEE086AD793E442FE080819D6BF0A3003/1400733838000/processed	75	black hair	Hair type
3GMLHYZ0LEBBMND6M2ZTC0NQSZ7UY4	A1Y10YJ5ZSMALG	3ZPBJO59KQF65AAPG9AH5KJJWDYDHM	http://dig.isi.edu/ht/data/page/84AE22980E3391929462FF4D73D9CDFEE0199B31/1419151821000/processed	39	BLONDE	Hair type
3GMLHYZ0LEBBMND6M2ZTC0NQSZ7UY4	A1Y10YJ5ZSMALG	3ZPBJO59KQF65AAPG9AH5KJJWDYDHM	http://dig.isi.edu/ht/data/page/D73DE9CAE223E9D2B27A64E4E978752A0C5011EB/1401791656000/processed	0	no annotations
3GMLHYZ0LEBBMND6M2ZTC0NQSZ7UY4	A1Y10YJ5ZSMALG	3ZPBJO59KQF65AAPG9AH5KJJWDYDHM	http://dig.isi.edu/ht/data/page/AAEC71E60651BDB7794FFC2A33444ECD58B8B803/1422042595000/processed	13	Indian & Black	Ethnicity/Origin
3GMLHYZ0LEBBMND6M2ZTC0NQSZ7UY4	A1Y10YJ5ZSMALG	3ZPBJO59KQF65AAPG9AH5KJJWDYDHM	emptyanswer
3GMLHYZ0LEBBMND6M2ZTC0NQSZ7UY4	A6LILYEG29KD0	3EJPLAJKENUTBMV4C88AZLDWBHU6ZF	http://dig.isi.edu/ht/data/page/218C27185A20D1BFD6DB5DEDE6961B5083D52302/1396820000000/processed	30	Zo	Person name
3GMLHYZ0LEBBMND6M2ZTC0NQSZ7UY4	A6LILYEG29KD0	3EJPLAJKENUTBMV4C88AZLDWBHU6ZF	http://dig.isi.edu/ht/data/page/218C27185A20D1BFD6DB5DEDE6961B5083D52302/1396820000000/processed	313	white	Ethnicity/Origin
3GMLHYZ0LEBBMND6M2ZTC0NQSZ7UY4	A6LILYEG29KD0	3EJPLAJKENUTBMV4C88AZLDWBHU6ZF	http://dig.isi.edu/ht/data/page/218C27185A20D1BFD6DB5DEDE6961B5083D52302/1396820000000/processed	410	blue	Eye color
3GMLHYZ0LEBBMND6M2ZTC0NQSZ7UY4	A6LILYEG29KD0	3EJPLAJKENUTBMV4C88AZLDWBHU6ZF	http://dig.isi.edu/ht/data/page/218C27185A20D1BFD6DB5DEDE6961B5083D52302/1396820000000/processed	452	Brunette	Hair type
3GMLHYZ0LEBBMND6M2ZTC0NQSZ7UY4	A6LILYEG29KD0	3EJPLAJKENUTBMV4C88AZLDWBHU6ZF	http://dig.isi.edu/ht/data/page/B9D3057628B4E7CE5E0E6579991339515E0B5BBC/1400701824000/processed	9	Alexis	Person name
3GMLHYZ0LEBBMND6M2ZTC0NQSZ7UY4	A6LILYEG29KD0	3EJPLAJKENUTBMV4C88AZLDWBHU6ZF	http://dig.isi.edu/ht/data/page/92F9A32606AA147757EFC76A8A1664F39A167175/1414519466000/processed	17	Kimmy	Person name
3GMLHYZ0LEBBMND6M2ZTC0NQSZ7UY4	A6LILYEG29KD0	3EJPLAJKENUTBMV4C88AZLDWBHU6ZF	http://dig.isi.edu/ht/data/page/494D3A0CE70042726C7F9B8F754F30321E2A6B9C/1402483632000/processed	289	NANCY	Person name
3GMLHYZ0LEBBMND6M2ZTC0NQSZ7UY4	A6LILYEG29KD0	3EJPLAJKENUTBMV4C88AZLDWBHU6ZF	http://dig.isi.edu/ht/data/page/5AB7A76B14B238CA5BCC294F1E316AFEF95B228E/1404851025000/processed	437	Adult Finder	Company name
3GMLHYZ0LEBBMND6M2ZTC0NQSZ7UY4	A6LILYEG29KD0	3EJPLAJKENUTBMV4C88AZLDWBHU6ZF	http://dig.isi.edu/ht/data/page/F44D825C97F148C2832B59120C4601EFAB1FBD23/1425520806000/processed	111	kelly	Person name
3GMLHYZ0LEBBMND6M2ZTC0NQSZ7UY4	A6LILYEG29KD0	3EJPLAJKENUTBMV4C88AZLDWBHU6ZF	http://dig.isi.edu/ht/data/page/F44D825C97F148C2832B59120C4601EFAB1FBD23/1425520806000/processed	404	kelly	Person name
3GMLHYZ0LEBBMND6M2ZTC0NQSZ7UY4	A6LILYEG29KD0	3EJPLAJKENUTBMV4C88AZLDWBHU6ZF	http://dig.isi.edu/ht/data/page/2AFAC6BDEE086AD793E442FE080819D6BF0A3003/1400733838000/processed	26	Cindy	Person name
3GMLHYZ0LEBBMND6M2ZTC0NQSZ7UY4	A6LILYEG29KD0	3EJPLAJKENUTBMV4C88AZLDWBHU6ZF	http://dig.isi.edu/ht/data/page/2AFAC6BDEE086AD793E442FE080819D6BF0A3003/1400733838000/processed	57	Asian	Ethnicity/Origin
3GMLHYZ0LEBBMND6M2ZTC0NQSZ7UY4	A6LILYEG29KD0	3EJPLAJKENUTBMV4C88AZLDWBHU6ZF	http://dig.isi.edu/ht/data/page/2AFAC6BDEE086AD793E442FE080819D6BF0A3003/1400733838000/processed	75	black	Hair type
3GMLHYZ0LEBBMND6M2ZTC0NQSZ7UY4	A6LILYEG29KD0	3EJPLAJKENUTBMV4C88AZLDWBHU6ZF	http://dig.isi.edu/ht/data/page/84AE22980E3391929462FF4D73D9CDFEE0199B31/1419151821000/processed	39	BLONDE	Hair type
3GMLHYZ0LEBBMND6M2ZTC0NQSZ7UY4	A6LILYEG29KD0	3EJPLAJKENUTBMV4C88AZLDWBHU6ZF	http://dig.isi.edu/ht/data/page/D73DE9CAE223E9D2B27A64E4E978752A0C5011EB/1401791656000/processed	0	no annotations
3GMLHYZ0LEBBMND6M2ZTC0NQSZ7UY4	A6LILYEG29KD0	3EJPLAJKENUTBMV4C88AZLDWBHU6ZF	http://dig.isi.edu/ht/data/page/AAEC71E60651BDB7794FFC2A33444ECD58B8B803/1422042595000/processed	13	Indian	Ethnicity/Origin
3GMLHYZ0LEBBMND6M2ZTC0NQSZ7UY4	A6LILYEG29KD0	3EJPLAJKENUTBMV4C88AZLDWBHU6ZF	http://dig.isi.edu/ht/data/page/AAEC71E60651BDB7794FFC2A33444ECD58B8B803/1422042595000/processed	22	Black	Ethnicity/Origin
3GMLHYZ0LEBBMND6M2ZTC0NQSZ7UY4	A6LILYEG29KD0	3EJPLAJKENUTBMV4C88AZLDWBHU6ZF	emptyanswer